City,Year,Brand,Model,Fuel_Type,Transmission,KM_Driven,Owner,EMI_Price,Price
Pune,2023,Hyundai,NEW,Petrol,Auto,876000,1st owner,"EMI ₹16,676/m","₹16,676"
Pune,2022,Renault,TRIBER,Petrol,Auto,650000,1st owner,"EMI ₹12,705/m","₹12,705"
Pune,2019,Hyundai,VENUE,Petrol,Auto,772000,2nd owner,"EMI ₹15,088/m","₹15,088"
Pune,2022,Tata,NEXON,Diesel,Manual,1254000,1st owner,"EMI ₹23,862/m","₹23,862"
Pune,2022,Tata,ALTROZ,Petrol,Manual,741000,1st owner,"EMI ₹14,478/m","₹14,478"
Pune,2023,MG,ASTOR,Petrol,Auto,1380000,1st owner,"EMI ₹26,262/m","₹26,262"
Pune,2021,Renault,Kwid,Petrol,Auto,412000,2nd owner,"EMI ₹8,049/m","₹8,049"
Pune,2019,Hyundai,NEW,CNG,Manual,423000,1st owner,"EMI ₹8,266/m","₹8,266"
Pune,2017,Honda,WR-V,Petrol,Manual,600000,1st owner,"EMI ₹11,737/m","₹11,737"
Pune,2018,Tata,NEXON,CNG,Manual,662000,2nd owner,"EMI ₹12,937/m","₹12,937"
Pune,2021,Maruti,Swift,CNG,Manual,590000,1st owner,"EMI ₹11,535/m","₹11,535"
Pune,2023,Tata,Tiago,CNG,Manual,648000,1st owner,"EMI ₹12,665/m","₹12,665"
Pune,2020,Tata,Tiago,Petrol,Manual,441000,1st owner,"EMI ₹8,614/m","₹8,614"
Pune,2022,MG,ASTOR,Petrol,Auto,1343000,1st owner,"EMI ₹25,563/m","₹25,563"
Pune,2019,Maruti,Dzire,Petrol,Manual,486000,2nd owner,"EMI ₹9,496/m","₹9,496"
Pune,2018,Honda,WR-V,Petrol,Manual,641000,1st owner,"EMI ₹12,532/m","₹12,532"
Pune,2016,Hyundai,Verna,Petrol,Manual,540000,1st owner,"EMI ₹10,557/m","₹10,557"
Pune,2017,Tata,Tiago,Petrol,Manual,352000,1st owner,"EMI ₹6,884/m","₹6,884"
Pune,2024,Tata,TIGOR,CNG,Auto,890000,1st owner,"EMI ₹16,943/m","₹16,943"
Pune,2019,KIA,SELTOS,Petrol,Auto,1160000,2nd owner,"EMI ₹22,088/m","₹22,088"
Bangalore,2013,Hyundai,Eon,Petrol,Manual,225000,2nd owner,"EMI ₹7,457/m","₹7,457"
Bangalore,2013,Honda,Amaze,Petrol,Manual,379000,1st owner,"EMI ₹12,577/m","₹12,577"
Bangalore,2019,Honda,Amaze,Petrol,Manual,596000,1st owner,"EMI ₹11,656/m","₹11,656"
Bangalore,2015,Hyundai,i10,Petrol,Manual,335000,2nd owner,"EMI ₹7,456/m","₹7,456"
Bangalore,2023,Maruti,New,Petrol,Manual,643000,1st owner,"EMI ₹12,565/m","₹12,565"
Bangalore,2014,Maruti,Wagon,Petrol,Manual,367000,1st owner,"EMI ₹9,652/m","₹9,652"
Bangalore,2012,Skoda,Rapid,Diesel,Manual,337000,1st owner,"EMI ₹29,959/m","₹29,959"
Bangalore,2018,Maruti,Vitara,Diesel,Auto,799000,1st owner,"EMI ₹17,773/m","₹17,773"
Bangalore,2021,Mahindra,Thar,Petrol,Auto,1042000,1st owner,"EMI ₹19,834/m","₹19,834"
Bangalore,2016,Hyundai,Eon,Petrol,Manual,276000,2nd owner,"EMI ₹5,401/m","₹5,401"
Bangalore,2012,Hyundai,Verna,Petrol,Manual,363000,3rd owner,"EMI ₹17,086/m","₹17,086"
Bangalore,2022,Tata,ALTROZ,Petrol,Manual,677000,2nd owner,"EMI ₹13,232/m","₹13,232"
Bangalore,2021,Volkswagen,Polo,Petrol,Manual,857000,1st owner,"EMI ₹16,321/m","₹16,321"
Bangalore,2018,Nissan,Sunny,Petrol,Manual,467000,1st owner,"EMI ₹9,132/m","₹9,132"
Bangalore,2023,KIA,CARENS,Petrol,Manual,991000,1st owner,"EMI ₹18,863/m","₹18,863"
Bangalore,2019,Renault,Duster,Petrol,Manual,586000,2nd owner,"EMI ₹11,457/m","₹11,457"
Bangalore,2015,Mahindra,XUV500,Diesel,Manual,767000,1st owner,"EMI ₹20,193/m","₹20,193"
Bangalore,2021,Maruti,Baleno,Petrol,Manual,706000,1st owner,"EMI ₹13,809/m","₹13,809"
Bangalore,2018,Maruti,IGNIS,Petrol,Manual,422000,1st owner,"EMI ₹8,251/m","₹8,251"
Bangalore,2019,Maruti,Ertiga,Petrol,Manual,905000,1st owner,"EMI ₹17,217/m","₹17,217"
Mumbai,2016,Renault,Kwid,Petrol,Manual,234000,1st owner,"EMI ₹4,583/m","₹4,583"
Mumbai,2016,Maruti,Wagon,Petrol,Manual,334000,1st owner,"EMI ₹6,526/m","₹6,526"
Mumbai,2017,Volkswagen,Ameo,Petrol,Manual,450000,2nd owner,"EMI ₹8,798/m","₹8,798"
Mumbai,2015,Hyundai,Grand,CNG,Auto,355000,2nd owner,"EMI ₹11,791/m","₹11,791"
Mumbai,2017,Maruti,Ertiga,Petrol,Manual,710000,1st owner,"EMI ₹13,881/m","₹13,881"
Mumbai,2015,Maruti,Wagon,Petrol,Manual,263000,2nd owner,"EMI ₹5,856/m","₹5,856"
Mumbai,2019,Hyundai,Grand,Petrol,Manual,521000,1st owner,"EMI ₹10,194/m","₹10,194"
Mumbai,2021,Hyundai,AURA,CNG,Manual,618000,1st owner,"EMI ₹12,082/m","₹12,082"
Mumbai,2022,Tata,Tiago,CNG,Manual,612000,1st owner,"EMI ₹11,971/m","₹11,971"
Mumbai,2017,Tata,Tiago,Petrol,Manual,345000,1st owner,"EMI ₹6,745/m","₹6,745"
Mumbai,2017,Volkswagen,Vento,Diesel,Manual,487000,2nd owner,"EMI ₹10,834/m","₹10,834"
Mumbai,2018,Maruti,Ciaz,Petrol,Manual,552000,1st owner,"EMI ₹10,783/m","₹10,783"
Mumbai,2020,Hyundai,GRAND,Petrol,Auto,634000,1st owner,"EMI ₹12,388/m","₹12,388"
Mumbai,2016,Volkswagen,Ameo,Petrol,Manual,334000,1st owner,"EMI ₹6,533/m","₹6,533"
Mumbai,2015,Hyundai,Elite,Petrol,Manual,378000,1st owner,"EMI ₹8,399/m","₹8,399"
Mumbai,2018,Hyundai,Creta,Petrol,Manual,733000,1st owner,"EMI ₹14,335/m","₹14,335"
Mumbai,2015,Maruti,Ertiga,CNG,Manual,641000,1st owner,"EMI ₹21,305/m","₹21,305"
Mumbai,2015,Hyundai,Creta,Petrol,Manual,577000,2nd owner,"EMI ₹12,839/m","₹12,839"
Mumbai,2014,Honda,Brio,Petrol,Auto,333000,1st owner,"EMI ₹8,777/m","₹8,777"
Mumbai,2022,Tata,Tiago,CNG,Manual,587000,1st owner,"EMI ₹11,479/m","₹11,479"
Hyderabad,2018,Maruti,Swift,Petrol,Manual,527000,1st owner,"EMI ₹10,310/m","₹10,310"
Hyderabad,2020,Maruti,New,Petrol,Manual,492000,1st owner,"EMI ₹9,610/m","₹9,610"
Hyderabad,2015,Hyundai,Eon,Petrol,Manual,254999,2nd owner,"EMI ₹5,672/m","₹5,672"
Hyderabad,2012,Hyundai,i20,Petrol,Manual,274000,3rd owner,"EMI ₹12,902/m","₹12,902"
Hyderabad,2013,Maruti,Swift,Petrol,Manual,324000,2nd owner,"EMI ₹10,765/m","₹10,765"
Hyderabad,2015,Nissan,Terrano,Petrol,Manual,470000,1st owner,"EMI ₹10,454/m","₹10,454"
Hyderabad,2017,Mahindra,Kuv100,Diesel,Manual,313000,1st owner,"EMI ₹6,111/m","₹6,111"
Hyderabad,2013,Honda,Amaze,CNG,Manual,332000,3rd owner,"EMI ₹29,479/m","₹29,479"
Hyderabad,2018,Nissan,Sunny,Petrol,Auto,584000,1st owner,"EMI ₹11,420/m","₹11,420"
Hyderabad,2012,Maruti,Ritz,Petrol,Manual,250999,1st owner,"EMI ₹11,826/m","₹11,826"
Hyderabad,2020,Tata,ALTROZ,Petrol,Manual,505999,1st owner,"EMI ₹9,901/m","₹9,901"
Hyderabad,2023,Maruti,Baleno,Petrol,Manual,778000,1st owner,"EMI ₹15,207/m","₹15,207"
Hyderabad,2022,Hyundai,GRAND,Petrol,Manual,537000,1st owner,"EMI ₹10,506/m","₹10,506"
Hyderabad,2019,Hyundai,NEW,Petrol,Auto,445000,1st owner,"EMI ₹8,695/m","₹8,695"
Hyderabad,2016,Maruti,Baleno,Petrol,Manual,451999,1st owner,"EMI ₹8,828/m","₹8,828"
Hyderabad,2019,Maruti,Celerio,Petrol,Manual,424000,1st owner,"EMI ₹8,284/m","₹8,284"
Hyderabad,2017,Tata,Tiago,Petrol,Manual,423000,1st owner,"EMI ₹8,262/m","₹8,262"
Hyderabad,2019,Volkswagen,Polo,Petrol,Manual,565000,1st owner,"EMI ₹11,043/m","₹11,043"
Hyderabad,2023,Tata,Tiago,Petrol,Manual,640000,1st owner,"EMI ₹12,510/m","₹12,510"
Hyderabad,2022,KIA,CARENS,Petrol,Manual,1161000,1st owner,"EMI ₹22,101/m","₹22,101"
Nashik,2014,Hyundai,i20,Petrol,Manual,430000,1st owner,"EMI ₹11,324/m","₹11,324"
Nashik,2013,Maruti,Ertiga,Diesel,Manual,675000,1st owner,"EMI ₹31,775/m","₹31,775"
Nashik,2015,Hyundai,Xcent,Petrol,Manual,420000,1st owner,"EMI ₹9,343/m","₹9,343"
Nashik,2013,Maruti,Ertiga,Diesel,Manual,650000,1st owner,"EMI ₹30,598/m","₹30,598"
Nashik,2014,Hyundai,Xcent,Petrol,Manual,398000,1st owner,"EMI ₹10,477/m","₹10,477"
Nashik,2014,Hyundai,Xcent,Petrol,Manual,391000,2nd owner,"EMI ₹10,297/m","₹10,297"
Nashik,2013,Maruti,Ertiga,CNG,Manual,625000,1st owner,"EMI ₹55,530/m","₹55,530"
Nashik,2014,Maruti,Wagon,Petrol,Manual,345000,1st owner,"EMI ₹9,088/m","₹9,088"
Nashik,2022,Tata,NEXON,Diesel,Auto,1350000,1st owner,"EMI ₹25,696/m","₹25,696"
Nashik,2014,Maruti,Wagon,Petrol,Manual,350000,1st owner,"EMI ₹9,217/m","₹9,217"
Nashik,2024,Nissan,MAGNITE,Petrol,Manual,650000,1st owner,"EMI ₹12,708/m","₹12,708"
Nashik,2015,Honda,Amaze,Petrol,Manual,450000,1st owner,"EMI ₹10,010/m","₹10,010"
Nashik,2024,Hyundai,VENUE,Petrol,Manual,795000,1st owner,"EMI ₹15,542/m","₹15,542"
Nashik,2010,Maruti,Zen,Petrol,Manual,64000,2nd owner,,₹0.90L
Nashik,2014,Skoda,Rapid,Diesel,Manual,471000,1st owner,"EMI ₹15,644/m","₹15,644"
Nashik,2014,Maruti,Swift,Diesel,Manual,495000,1st owner,"EMI ₹16,441/m","₹16,441"
Nashik,2015,Maruti,Ciaz,Diesel,Manual,640000,1st owner,"EMI ₹16,854/m","₹16,854"
Nashik,2013,Hyundai,i10,Petrol,Manual,335000,1st owner,"EMI ₹11,127/m","₹11,127"
Nashik,2014,Volkswagen,Vento,Diesel,Manual,550000,2nd owner,"EMI ₹18,268/m","₹18,268"
Nashik,2013,Honda,Amaze,Petrol,Manual,351000,1st owner,"EMI ₹11,658/m","₹11,658"
Indore,2022,Honda,City,Petrol,Manual,971000,1st owner,"EMI ₹18,483/m","₹18,483"
Indore,2021,Maruti,Baleno,Petrol,Manual,451000,2nd owner,"EMI ₹8,817/m","₹8,817"
Indore,2017,Honda,City,Petrol,Manual,542000,1st owner,"EMI ₹10,596/m","₹10,596"
Indore,2019,Hyundai,GRAND,CNG,Auto,476999,1st owner,"EMI ₹9,325/m","₹9,325"
Indore,2022,Tata,PUNCH,Petrol,Manual,652000,1st owner,"EMI ₹12,747/m","₹12,747"
Indore,2013,Hyundai,i20,Petrol,Manual,240000,2nd owner,"EMI ₹7,971/m","₹7,971"
Indore,2014,Maruti,Alto,Petrol,Manual,183000,2nd owner,"EMI ₹4,819/m","₹4,819"
Indore,2021,Tata,ALTROZ,Diesel,Manual,568000,1st owner,"EMI ₹11,105/m","₹11,105"
Indore,2020,Tata,Harrier,Diesel,Manual,1032000,1st owner,"EMI ₹19,643/m","₹19,643"
Indore,2016,Hyundai,Grand,Petrol,Manual,355000,1st owner,"EMI ₹6,940/m","₹6,940"
Indore,2019,Datsun,Redi,Petrol,Manual,193000,2nd owner,"EMI ₹3,773/m","₹3,773"
Indore,2018,Ford,FREESTYLE,Diesel,Manual,465000,2nd owner,"EMI ₹9,091/m","₹9,091"
Indore,2019,Maruti,Baleno,Petrol,Manual,497000,1st owner,"EMI ₹9,716/m","₹9,716"
Indore,2019,Renault,Kwid,Petrol,Manual,271000,2nd owner,"EMI ₹5,298/m","₹5,298"
Indore,2021,Hyundai,VENUE,Petrol,Manual,660000,1st owner,"EMI ₹12,903/m","₹12,903"
Indore,2016,Hyundai,Xcent,Petrol,Manual,325000,2nd owner,"EMI ₹6,354/m","₹6,354"
Indore,2021,Maruti,S,Petrol,Manual,329000,2nd owner,"EMI ₹6,427/m","₹6,427"
Indore,2017,Mahindra,Kuv100,Petrol,Manual,312000,1st owner,"EMI ₹6,100/m","₹6,100"
Indore,2022,KIA,SELTOS,Petrol,Manual,915000,1st owner,"EMI ₹17,416/m","₹17,416"
Indore,2021,Tata,ALTROZ,Petrol,Manual,555000,1st owner,"EMI ₹10,850/m","₹10,850"
Noida,2022,Tata,Safari,Diesel,Manual,1563000,1st owner,"EMI ₹29,755/m","₹29,755"
Noida,2021,MG,HECTOR,Petrol,Manual,968000,1st owner,"EMI ₹18,426/m","₹18,426"
Noida,2018,Volkswagen,Ameo,Petrol,Manual,399000,1st owner,"EMI ₹7,808/m","₹7,808"
Noida,2022,Mahindra,XUV700,Petrol,Auto,2050000,1st owner,"EMI ₹39,020/m","₹39,020"
Noida,2019,Maruti,Baleno,Petrol,Manual,349000,2nd owner,"EMI ₹6,827/m","₹6,827"
Noida,2016,Maruti,Swift,Petrol,Manual,334000,2nd owner,"EMI ₹6,530/m","₹6,530"
Noida,2015,Volkswagen,Polo,Petrol,Manual,331000,1st owner,"EMI ₹7,362/m","₹7,362"
Noida,2024,Honda,Amaze,Petrol,Manual,875000,1st owner,"EMI ₹16,646/m","₹16,646"
Noida,2021,Honda,City,Petrol,Auto,951000,1st owner,"EMI ₹18,101/m","₹18,101"
Noida,2023,KIA,SONET,Petrol,Manual,843000,1st owner,"EMI ₹16,044/m","₹16,044"
Noida,2021,Toyota,URBAN,Petrol,Manual,665000,1st owner,"EMI ₹12,996/m","₹12,996"
Noida,2019,Honda,Amaze,Petrol,Manual,422000,1st owner,"EMI ₹8,249/m","₹8,249"
Noida,2020,Tata,Harrier,Diesel,Manual,1022000,1st owner,"EMI ₹22,221/m","₹22,221"
Noida,2019,Maruti,Baleno,Petrol,Manual,475000,1st owner,"EMI ₹9,287/m","₹9,287"
Noida,2012,Hyundai,i10,CNG,Manual,166000,1st owner,,₹1.66 lakh
Noida,2021,Hyundai,Creta,Petrol,Manual,833000,1st owner,"EMI ₹15,853/m","₹15,853"
Noida,2019,Renault,Kwid,Petrol,Manual,259000,2nd owner,"EMI ₹5,056/m","₹5,056"
Noida,2016,Ford,Ecosport,Petrol,Manual,394000,1st owner,"EMI ₹7,702/m","₹7,702"
Noida,2018,Hyundai,Creta,Petrol,Manual,597000,1st owner,"EMI ₹11,671/m","₹11,671"
Noida,2022,Skoda,SLAVIA,Petrol,Manual,1295000,1st owner,"EMI ₹24,653/m","₹24,653"
Noida,2020,MG,HECTOR,Petrol,Manual,1051000,2nd owner,"EMI ₹20,009/m","₹20,009"
Noida,2023,Mahindra,XUV700,Petrol,Auto,1395000,1st owner,"EMI ₹26,553/m","₹26,553"
Noida,2022,Tata,Safari,Diesel,Manual,1444000,1st owner,"EMI ₹27,489/m","₹27,489"
Noida,2024,Nissan,MAGNITE,Petrol,Auto,684000,1st owner,"EMI ₹13,365/m","₹13,365"
Noida,2023,Volkswagen,VIRTUS,Petrol,Manual,1060000,1st owner,"EMI ₹20,176/m","₹20,176"
Noida,2024,Tata,TIGOR,CNG,Auto,876000,1st owner,"EMI ₹16,678/m","₹16,678"
Noida,2022,Maruti,New,CNG,Manual,532000,1st owner,"EMI ₹10,403/m","₹10,403"
Noida,2018,Honda,City,Petrol,Manual,708000,1st owner,"EMI ₹13,834/m","₹13,834"
Noida,2023,Tata,NEXON,Petrol,Manual,759000,1st owner,"EMI ₹14,836/m","₹14,836"
Noida,2016,Ford,Ecosport,Petrol,Auto,398000,2nd owner,"EMI ₹7,789/m","₹7,789"
Noida,2017,Honda,City,Petrol,Manual,465000,2nd owner,"EMI ₹9,091/m","₹9,091"
Noida,2023,Mahindra,XUV300,Petrol,Manual,688000,1st owner,"EMI ₹13,459/m","₹13,459"
Noida,2016,Ford,Ecosport,Petrol,Manual,398000,1st owner,"EMI ₹7,789/m","₹7,789"
Noida,2022,Maruti,New,CNG,Manual,535000,1st owner,"EMI ₹10,459/m","₹10,459"
Noida,2023,Maruti,Baleno,Petrol,Manual,569000,1st owner,"EMI ₹11,124/m","₹11,124"
Noida,2018,Datsun,Go,Petrol,Manual,215000,2nd owner,"EMI ₹4,203/m","₹4,203"
Noida,2024,Volkswagen,TAIGUN,Petrol,Manual,985000,1st owner,"EMI ₹18,749/m","₹18,749"
Noida,2020,Tata,ALTROZ,Petrol,Manual,484999,1st owner,"EMI ₹9,479/m","₹9,479"
Noida,2020,KIA,SONET,Diesel,Auto,796000,1st owner,"EMI ₹17,717/m","₹17,717"
Noida,2024,Tata,Curvv,Petrol,Manual,1125000,1st owner,"EMI ₹21,413/m","₹21,413"
Chandigarh,2018,Tata,Tiago,Petrol,Manual,350000,1st owner,"EMI ₹6,843/m","₹6,843"
Chandigarh,2017,Tata,NEXON,Diesel,Manual,482000,1st owner,"EMI ₹9,418/m","₹9,418"
Chandigarh,2021,Hyundai,GRAND,Petrol,Manual,472000,1st owner,"EMI ₹9,226/m","₹9,226"
Chandigarh,2021,Tata,ALTROZ,Petrol,Manual,681000,1st owner,"EMI ₹13,307/m","₹13,307"
Chandigarh,2022,Maruti,Vitara,Petrol,Manual,809000,1st owner,"EMI ₹15,404/m","₹15,404"
Chandigarh,2019,Tata,Harrier,Diesel,Manual,894999,1st owner,"EMI ₹17,036/m","₹17,036"
Chandigarh,2023,Toyota,Glanza,Petrol,Manual,649000,1st owner,"EMI ₹12,688/m","₹12,688"
Chandigarh,2015,Maruti,Alto,Petrol,Manual,249000,1st owner,"EMI ₹5,539/m","₹5,539"
Chandigarh,2017,Jeep,Compass,Diesel,Manual,710000,1st owner,"EMI ₹13,881/m","₹13,881"
Chandigarh,2019,Volkswagen,Polo,Petrol,Manual,415000,2nd owner,"EMI ₹8,113/m","₹8,113"
Chandigarh,2014,Maruti,Swift,Petrol,Manual,328000,1st owner,"EMI ₹8,638/m","₹8,638"
Chandigarh,2020,Hyundai,NEW,Petrol,Manual,585000,2nd owner,"EMI ₹11,437/m","₹11,437"
Chandigarh,2022,Hyundai,VENUE,Petrol,Manual,686000,1st owner,"EMI ₹13,411/m","₹13,411"
Chandigarh,2020,KIA,SONET,Petrol,Manual,690000,2nd owner,"EMI ₹13,490/m","₹13,490"
Chandigarh,2017,Skoda,Rapid,Diesel,Manual,426000,2nd owner,"EMI ₹8,328/m","₹8,328"
Chandigarh,2019,Volkswagen,Ameo,Diesel,Manual,376000,1st owner,"EMI ₹7,351/m","₹7,351"
Chandigarh,2017,Renault,Kwid,Petrol,Auto,286000,1st owner,"EMI ₹5,598/m","₹5,598"
Chandigarh,2013,Maruti,Swift,Diesel,Manual,283000,1st owner,"EMI ₹13,310/m","₹13,310"
Chandigarh,2020,Volkswagen,Polo,Petrol,Manual,577000,1st owner,"EMI ₹11,280/m","₹11,280"
Chandigarh,2020,Tata,ALTROZ,Petrol,Manual,495000,1st owner,"EMI ₹9,677/m","₹9,677"
Chandigarh,2014,Honda,Amaze,Diesel,Manual,194000,2nd owner,"EMI ₹6,444/m","₹6,444"
Chandigarh,2013,Honda,Amaze,Diesel,Manual,200000,3rd owner,"EMI ₹9,415/m","₹9,415"
Chandigarh,2020,Maruti,Swift,Petrol,Manual,426000,1st owner,"EMI ₹8,328/m","₹8,328"
Chandigarh,2022,Mahindra,Thar,Diesel,Auto,1468000,2nd owner,"EMI ₹27,942/m","₹27,942"
Chandigarh,2015,Ford,Figo,Diesel,Manual,312000,1st owner,"EMI ₹8,216/m","₹8,216"
Chandigarh,2023,Maruti,Eeco,Petrol,Manual,553000,2nd owner,"EMI ₹10,811/m","₹10,811"
Chandigarh,2021,Mahindra,XUV500,Diesel,Manual,1423000,1st owner,"EMI ₹27,085/m","₹27,085"
Chandigarh,2023,Mahindra,SCORPIO-N,Diesel,Auto,2089999,1st owner,"EMI ₹39,781/m","₹39,781"
Chandigarh,2015,Maruti,Alto,Petrol,Manual,197000,2nd owner,"EMI ₹4,382/m","₹4,382"
Chandigarh,2014,Hyundai,Eon,Petrol,Manual,155000,3rd owner,"EMI ₹4,082/m","₹4,082"
Chandigarh,2018,Hyundai,Verna,Diesel,Manual,625000,2nd owner,"EMI ₹12,219/m","₹12,219"
Chandigarh,2010,Maruti,Swift,Petrol,Manual,121000,2nd owner,,₹1.21 lakh
Chandigarh,2014,Hyundai,i20,Petrol,Manual,280000,2nd owner,"EMI ₹7,373/m","₹7,373"
Chandigarh,2014,Tata,Nano,Petrol,Manual,138000,3rd owner,"EMI ₹3,634/m","₹3,634"
Chandigarh,2021,Tata,PUNCH,Petrol,Manual,669000,1st owner,"EMI ₹13,079/m","₹13,079"
Chandigarh,2015,Hyundai,Verna,Diesel,Auto,305000,3rd owner,"EMI ₹8,032/m","₹8,032"
Chandigarh,2010,Honda,City,Petrol,Manual,165000,1st owner,,₹1.65 lakh
Chandigarh,2012,Maruti,Wagon,Petrol,Manual,138000,2nd owner,"EMI ₹6,496/m","₹6,496"
Chandigarh,2017,Mahindra,KUV,Petrol,Manual,250000,2nd owner,"EMI ₹5,561/m","₹5,561"
Chandigarh,2010,Ford,Fiesta,Petrol,Manual,160000,1st owner,,₹1.70L
Ludhiana,2023,Maruti,Alto,Petrol,Manual,475000,1st owner,"EMI ₹9,286/m","₹9,286"
Ludhiana,2011,Volkswagen,Polo,Petrol,Manual,150000,1st owner,"EMI ₹13,327/m","₹13,327"
Ludhiana,2010,Maruti,Ritz,Petrol,Manual,110000,2nd owner,,₹1.10 lakh
Ludhiana,2021,Maruti,Ertiga,CNG,Manual,750000,1st owner,"EMI ₹14,663/m","₹14,663"
Ludhiana,2011,Maruti,SX4,Diesel,Manual,140000,1st owner,,₹1.40 lakh
Ludhiana,2013,Hyundai,Verna,Diesel,Manual,368000,1st owner,"EMI ₹17,323/m","₹17,323"
Ludhiana,2022,Hyundai,Creta,Diesel,Auto,1695000,2nd owner,"EMI ₹32,263/m","₹32,263"
Ludhiana,2021,Renault,Kiger,Petrol,Manual,500000,1st owner,"EMI ₹9,775/m","₹9,775"
Ludhiana,2018,Hyundai,Creta,Petrol,Manual,974000,1st owner,"EMI ₹18,539/m","₹18,539"
Ludhiana,2016,Toyota,Fortuner,Diesel,Auto,1436000,4th owner,"EMI ₹31,222/m","₹31,222"
Ludhiana,2011,Nissan,Micra,Petrol,Manual,94000,2nd owner,"EMI ₹8,316/m","₹8,316"
Ludhiana,2017,Tata,TIGOR,Petrol,Manual,325000,1st owner,"EMI ₹6,354/m","₹6,354"
Ludhiana,2018,Hyundai,Creta,Diesel,Manual,640000,2nd owner,"EMI ₹12,512/m","₹12,512"
Ludhiana,2011,Maruti,Alto,Petrol,Manual,150000,1st owner,"EMI ₹13,327/m","₹13,327"
Ludhiana,2010,Maruti,Alto,Petrol,Manual,83000,5th owner,,₹0.83 lakh
Ludhiana,2011,Chevrolet,Cruze,Diesel,Auto,150000,3rd owner,,₹1.60L
Ludhiana,2015,Ford,Ecosport,Diesel,Manual,229000,3rd owner,"EMI ₹6,023/m","₹6,023"
Ludhiana,2011,Volkswagen,Vento,Diesel,Manual,182000,1st owner,,₹1.82 lakh
Ludhiana,2015,Maruti,Alto,Petrol,Manual,225000,2nd owner,"EMI ₹5,005/m","₹5,005"
Ludhiana,2013,Nissan,Micra,Diesel,Manual,118000,3rd owner,"EMI ₹5,555/m","₹5,555"
Lucknow,2021,Maruti,Eeco,Petrol,Manual,424000,1st owner,"EMI ₹8,291/m","₹8,291"
Lucknow,2023,KIA,SONET,Petrol,Auto,1128000,1st owner,"EMI ₹21,476/m","₹21,476"
Lucknow,2021,Tata,Tiago,Petrol,Manual,409999,1st owner,"EMI ₹8,013/m","₹8,013"
Lucknow,2022,Maruti,Alto,Petrol,Manual,358000,1st owner,"EMI ₹7,006/m","₹7,006"
Lucknow,2016,Maruti,Baleno,Petrol,Manual,362000,1st owner,"EMI ₹7,077/m","₹7,077"
Lucknow,2022,Hyundai,VENUE,Petrol,Manual,635000,2nd owner,"EMI ₹12,414/m","₹12,414"
Lucknow,2022,Tata,PUNCH,Petrol,Manual,530000,1st owner,"EMI ₹10,362/m","₹10,362"
Lucknow,2014,Honda,Amaze,Petrol,Manual,292000,1st owner,"EMI ₹7,689/m","₹7,689"
Lucknow,2024,Hyundai,Creta,Petrol,Manual,1521000,1st owner,"EMI ₹28,957/m","₹28,957"
Lucknow,2021,Maruti,Swift,Petrol,Auto,549000,2nd owner,"EMI ₹10,733/m","₹10,733"
Lucknow,2018,Maruti,Vitara,Diesel,Manual,519000,2nd owner,"EMI ₹10,152/m","₹10,152"
Lucknow,2014,Maruti,Swift,Petrol,Manual,320000,2nd owner,"EMI ₹8,427/m","₹8,427"
Lucknow,2018,Maruti,Vitara,Diesel,Manual,474000,2nd owner,"EMI ₹9,267/m","₹9,267"
Lucknow,2020,Tata,NEXON,Petrol,Auto,519000,2nd owner,"EMI ₹10,147/m","₹10,147"
Lucknow,2017,Hyundai,Xcent,Petrol,Manual,353000,1st owner,"EMI ₹6,901/m","₹6,901"
Lucknow,2017,Maruti,Ciaz,Diesel,Manual,401000,1st owner,"EMI ₹7,847/m","₹7,847"
Lucknow,2022,Hyundai,Creta,Diesel,Manual,1090000,2nd owner,"EMI ₹20,747/m","₹20,747"
Lucknow,2019,Renault,Kwid,Petrol,Manual,264000,1st owner,"EMI ₹5,161/m","₹5,161"
Lucknow,2023,Hyundai,NEW,Petrol,Manual,860000,1st owner,"EMI ₹16,372/m","₹16,372"
Lucknow,2023,Maruti,Alto,Petrol,Manual,358000,1st owner,"EMI ₹6,999/m","₹6,999"
Gurgaon,2022,Tata,Safari,Diesel,Manual,1444000,1st owner,"EMI ₹27,489/m","₹27,489"
Gurgaon,2023,Skoda,KUSHAQ,Petrol,Auto,1087000,1st owner,"EMI ₹20,690/m","₹20,690"
Gurgaon,2015,Hyundai,Eon,Petrol,Manual,190000,2nd owner,"EMI ₹4,226/m","₹4,226"
Gurgaon,2020,Tata,ALTROZ,Petrol,Manual,432000,1st owner,"EMI ₹8,446/m","₹8,446"
Gurgaon,2021,Honda,City,Petrol,Manual,701000,1st owner,"EMI ₹13,705/m","₹13,705"
Gurgaon,2023,Nissan,MAGNITE,Petrol,Manual,508000,1st owner,"EMI ₹9,931/m","₹9,931"
Gurgaon,2024,Hyundai,Verna,Petrol,Manual,1243000,1st owner,"EMI ₹23,659/m","₹23,659"
Gurgaon,2019,Mahindra,XUV500,Diesel,Manual,656000,1st owner,"EMI ₹17,273/m","₹17,273"
Gurgaon,2020,Tata,ALTROZ,CNG,Manual,451999,1st owner,"EMI ₹8,835/m","₹8,835"
Gurgaon,2021,KIA,SONET,Petrol,Manual,641000,1st owner,"EMI ₹12,532/m","₹12,532"
Gurgaon,2019,Hyundai,Creta,Petrol,Auto,877999,1st owner,"EMI ₹16,712/m","₹16,712"
Gurgaon,2022,Tata,ALTROZ,Petrol,Manual,500000,1st owner,"EMI ₹9,779/m","₹9,779"
Gurgaon,2016,Ford,Ecosport,Petrol,Manual,398000,1st owner,"EMI ₹7,789/m","₹7,789"
Gurgaon,2022,MG,ASTOR,Petrol,Manual,861999,1st owner,"EMI ₹16,407/m","₹16,407"
Gurgaon,2019,Hyundai,New,Petrol,Manual,785000,2nd owner,"EMI ₹15,347/m","₹15,347"
Gurgaon,2023,Skoda,SLAVIA,Petrol,Manual,872000,1st owner,"EMI ₹16,598/m","₹16,598"
Gurgaon,2024,Maruti,IGNIS,Petrol,Manual,486000,1st owner,"EMI ₹9,501/m","₹9,501"
Gurgaon,2019,Mahindra,Scorpio,Diesel,Manual,1053000,1st owner,"EMI ₹27,215/m","₹27,215"
Gurgaon,2022,Tata,ALTROZ,Petrol,Manual,610000,1st owner,"EMI ₹11,926/m","₹11,926"
Gurgaon,2024,Volkswagen,TAIGUN,Petrol,Manual,1034000,1st owner,"EMI ₹19,681/m","₹19,681"
Gurgaon,2020,MG,HECTOR,Petrol,Manual,1051000,2nd owner,"EMI ₹20,009/m","₹20,009"
Gurgaon,2017,Hyundai,i20,Petrol,Manual,490000,1st owner,"EMI ₹9,575/m","₹9,575"
Gurgaon,2023,Mahindra,XUV700,Petrol,Auto,1395000,1st owner,"EMI ₹26,553/m","₹26,553"
Gurgaon,2022,Maruti,Alto,Petrol,Manual,350000,1st owner,"EMI ₹6,843/m","₹6,843"
Gurgaon,2022,Tata,Safari,Diesel,Manual,1563000,1st owner,"EMI ₹29,755/m","₹29,755"
Gurgaon,2023,Mahindra,XUV300,Petrol,Manual,688000,1st owner,"EMI ₹13,459/m","₹13,459"
Gurgaon,2023,Volkswagen,VIRTUS,Petrol,Manual,1060000,1st owner,"EMI ₹20,176/m","₹20,176"
Gurgaon,2020,Tata,ALTROZ,Petrol,Manual,476000,1st owner,"EMI ₹9,306/m","₹9,306"
Gurgaon,2021,MG,HECTOR,Petrol,Manual,968000,1st owner,"EMI ₹18,426/m","₹18,426"
Gurgaon,2020,Maruti,Baleno,Petrol,Manual,484999,1st owner,"EMI ₹9,482/m","₹9,482"
Gurgaon,2018,Datsun,Go,Petrol,Manual,215000,2nd owner,"EMI ₹4,203/m","₹4,203"
Gurgaon,2022,Mahindra,XUV700,Petrol,Auto,2050000,1st owner,"EMI ₹39,020/m","₹39,020"
Gurgaon,2022,Maruti,New,CNG,Manual,535000,1st owner,"EMI ₹10,459/m","₹10,459"
Gurgaon,2019,Maruti,Baleno,Petrol,Manual,349000,2nd owner,"EMI ₹6,827/m","₹6,827"
Gurgaon,2022,Maruti,New,CNG,Manual,532000,1st owner,"EMI ₹10,403/m","₹10,403"
Gurgaon,2020,Tata,ALTROZ,Petrol,Manual,484999,1st owner,"EMI ₹9,479/m","₹9,479"
Gurgaon,2023,Maruti,Baleno,Petrol,Manual,569000,1st owner,"EMI ₹11,124/m","₹11,124"
Gurgaon,2024,Tata,Curvv,Petrol,Manual,1125000,1st owner,"EMI ₹21,413/m","₹21,413"
Gurgaon,2023,Tata,NEXON,Petrol,Manual,759000,1st owner,"EMI ₹14,836/m","₹14,836"
Gurgaon,2022,KIA,SONET,Diesel,Manual,834000,1st owner,"EMI ₹15,878/m","₹15,878"
Ghaziabad,2018,Datsun,Go,Petrol,Manual,215000,2nd owner,"EMI ₹4,203/m","₹4,203"
Ghaziabad,2024,Nissan,MAGNITE,Petrol,Auto,684000,1st owner,"EMI ₹13,365/m","₹13,365"
Ghaziabad,2023,Mahindra,XUV300,Petrol,Manual,688000,1st owner,"EMI ₹13,459/m","₹13,459"
Ghaziabad,2017,Maruti,Dzire,Petrol,Manual,384000,2nd owner,"EMI ₹7,510/m","₹7,510"
Ghaziabad,2021,Maruti,Baleno,Petrol,Manual,469000,1st owner,"EMI ₹10,422/m","₹10,422"
Ghaziabad,2017,Hyundai,Creta,Petrol,Manual,566000,1st owner,"EMI ₹11,065/m","₹11,065"
Ghaziabad,2015,Maruti,Ciaz,Petrol,Manual,422000,1st owner,"EMI ₹9,396/m","₹9,396"
Ghaziabad,2022,KIA,SONET,Diesel,Manual,834000,1st owner,"EMI ₹15,878/m","₹15,878"
Ghaziabad,2016,Ford,Ecosport,Petrol,Auto,398000,2nd owner,"EMI ₹7,789/m","₹7,789"
Ghaziabad,2022,Tata,NEXON,Petrol,Manual,598000,1st owner,"EMI ₹11,691/m","₹11,691"
Ghaziabad,2020,Maruti,Vitara,Petrol,Manual,581000,1st owner,"EMI ₹11,359/m","₹11,359"
Ghaziabad,2017,Honda,WR-V,Petrol,Manual,438999,1st owner,"EMI ₹8,578/m","₹8,578"
Ghaziabad,2017,Hyundai,Creta,Petrol,Manual,582000,1st owner,"EMI ₹11,378/m","₹11,378"
Ghaziabad,2024,Tata,ALTROZ,CNG,Manual,697000,1st owner,"EMI ₹13,626/m","₹13,626"
Ghaziabad,2018,Hyundai,Grand,Petrol,Manual,328000,1st owner,"EMI ₹6,410/m","₹6,410"
Ghaziabad,2016,Ford,Ecosport,Petrol,Manual,362000,2nd owner,"EMI ₹7,077/m","₹7,077"
Ghaziabad,2019,Ford,Ecosport,Petrol,Manual,550000,1st owner,"EMI ₹10,752/m","₹10,752"
Ghaziabad,2022,Maruti,Baleno,Petrol,Manual,578000,1st owner,"EMI ₹11,304/m","₹11,304"
Ghaziabad,2013,Hyundai,i10,Petrol,Manual,195000,1st owner,"EMI ₹6,473/m","₹6,473"
Ghaziabad,2024,Honda,Amaze,Petrol,Auto,788000,1st owner,"EMI ₹15,406/m","₹15,406"
Ghaziabad,2020,MG,HECTOR,Petrol,Manual,1051000,2nd owner,"EMI ₹20,009/m","₹20,009"
Ghaziabad,2022,Tata,Safari,Diesel,Manual,1563000,1st owner,"EMI ₹29,755/m","₹29,755"
Ghaziabad,2022,Tata,Safari,Diesel,Manual,1444000,1st owner,"EMI ₹27,489/m","₹27,489"
Ghaziabad,2022,Maruti,Alto,Petrol,Manual,350000,1st owner,"EMI ₹6,843/m","₹6,843"
Ghaziabad,2022,Mahindra,XUV700,Petrol,Auto,2050000,1st owner,"EMI ₹39,020/m","₹39,020"
Ghaziabad,2021,MG,HECTOR,Petrol,Manual,968000,1st owner,"EMI ₹18,426/m","₹18,426"
Ghaziabad,2021,Maruti,Baleno,Petrol,Manual,509000,1st owner,"EMI ₹9,947/m","₹9,947"
Ghaziabad,2019,Maruti,Baleno,Petrol,Manual,349000,2nd owner,"EMI ₹6,827/m","₹6,827"
Ghaziabad,2023,Volkswagen,VIRTUS,Petrol,Manual,1060000,1st owner,"EMI ₹20,176/m","₹20,176"
Ghaziabad,2023,Tata,NEXON,Petrol,Manual,759000,1st owner,"EMI ₹14,836/m","₹14,836"
Ghaziabad,2018,Honda,City,Petrol,Manual,708000,1st owner,"EMI ₹13,834/m","₹13,834"
Ghaziabad,2024,Volkswagen,TAIGUN,Petrol,Manual,985000,1st owner,"EMI ₹18,749/m","₹18,749"
Ghaziabad,2023,Mahindra,XUV700,Petrol,Auto,1395000,1st owner,"EMI ₹26,553/m","₹26,553"
Ghaziabad,2021,Honda,City,Petrol,Manual,701000,1st owner,"EMI ₹13,705/m","₹13,705"
Ghaziabad,2024,Tata,TIGOR,CNG,Auto,876000,1st owner,"EMI ₹16,678/m","₹16,678"
Ghaziabad,2019,Hyundai,New,Petrol,Manual,785000,2nd owner,"EMI ₹15,347/m","₹15,347"
Ghaziabad,2024,Tata,Curvv,Petrol,Manual,1125000,1st owner,"EMI ₹21,413/m","₹21,413"
Ghaziabad,2019,Honda,Amaze,CNG,Manual,520000,1st owner,"EMI ₹10,167/m","₹10,167"
Ghaziabad,2017,Honda,City,Petrol,Manual,465000,2nd owner,"EMI ₹9,091/m","₹9,091"
Ghaziabad,2016,Ford,Ecosport,Petrol,Manual,398000,1st owner,"EMI ₹7,789/m","₹7,789"
Kolkata,2013,Maruti,Alto,Petrol,Manual,127000,1st owner,"EMI ₹4,218/m","₹4,218"
Kolkata,2021,Hyundai,Verna,Petrol,Manual,735000,1st owner,"EMI ₹14,369/m","₹14,369"
Kolkata,2016,Maruti,Wagon,Petrol,Manual,262000,1st owner,"EMI ₹5,118/m","₹5,118"
Kolkata,2021,Renault,Kwid,Petrol,Manual,369000,1st owner,"EMI ₹7,218/m","₹7,218"
Kolkata,2024,Honda,Amaze,Petrol,Auto,836999,1st owner,"EMI ₹15,931/m","₹15,931"
Kolkata,2015,Hyundai,Grand,Petrol,Manual,252999,1st owner,"EMI ₹5,628/m","₹5,628"
Kolkata,2020,Maruti,S,Petrol,Manual,291000,1st owner,"EMI ₹5,689/m","₹5,689"
Kolkata,2015,Honda,City,Petrol,Manual,316000,1st owner,"EMI ₹7,034/m","₹7,034"
Kolkata,2021,Hyundai,Verna,Petrol,Auto,1106000,1st owner,"EMI ₹21,044/m","₹21,044"
Kolkata,2021,Hyundai,NEW,Petrol,Manual,355000,1st owner,"EMI ₹6,940/m","₹6,940"
Kolkata,2015,Maruti,Swift,Petrol,Manual,294000,1st owner,"EMI ₹6,540/m","₹6,540"
Kolkata,2016,Maruti,Ciaz,Petrol,Manual,353000,1st owner,"EMI ₹6,901/m","₹6,901"
Kolkata,2014,Maruti,Ritz,Petrol,Manual,180000,1st owner,"EMI ₹4,740/m","₹4,740"
Kolkata,2013,Hyundai,i20,Petrol,Manual,204999,1st owner,"EMI ₹6,809/m","₹6,809"
Kolkata,2017,Volkswagen,Ameo,Petrol,Manual,303000,2nd owner,"EMI ₹5,928/m","₹5,928"
Kolkata,2017,Maruti,Swift,Petrol,Manual,351000,1st owner,"EMI ₹6,862/m","₹6,862"
Kolkata,2022,Mahindra,Thar,Diesel,Manual,1019999,1st owner,"EMI ₹19,415/m","₹19,415"
Kolkata,2023,Tata,NEXON,Petrol,Manual,894999,1st owner,"EMI ₹17,036/m","₹17,036"
Kolkata,2016,Datsun,Go,Petrol,Manual,204000,2nd owner,"EMI ₹3,997/m","₹3,997"
Kolkata,2014,Toyota,Etios,Petrol,Manual,214000,2nd owner,"EMI ₹5,639/m","₹5,639"
Coimbatore,2020,Tata,Tiago,Petrol,Manual,356000,1st owner,"EMI ₹6,960/m","₹6,960"
Coimbatore,2015,Honda,City,Petrol,Auto,581000,2nd owner,"EMI ₹12,917/m","₹12,917"
Coimbatore,2019,Ford,Ecosport,Diesel,Manual,689000,2nd owner,"EMI ₹15,319/m","₹15,319"
Coimbatore,2017,Skoda,Rapid,Diesel,Auto,628000,2nd owner,"EMI ₹12,278/m","₹12,278"
Coimbatore,2018,Honda,Jazz,Petrol,Manual,572000,1st owner,"EMI ₹11,184/m","₹11,184"
Coimbatore,2022,Maruti,New,Petrol,Manual,478000,1st owner,"EMI ₹9,345/m","₹9,345"
Coimbatore,2023,Nissan,MAGNITE,Petrol,Auto,673000,1st owner,"EMI ₹13,157/m","₹13,157"
Coimbatore,2022,Toyota,URBAN,Petrol,Auto,762000,1st owner,"EMI ₹14,897/m","₹14,897"
Coimbatore,2017,Honda,City,Petrol,Manual,609000,1st owner,"EMI ₹11,906/m","₹11,906"
Coimbatore,2018,Maruti,Dzire,Petrol,Manual,672000,1st owner,"EMI ₹13,131/m","₹13,131"
Coimbatore,2015,Nissan,Micra,Petrol,Manual,275000,1st owner,"EMI ₹6,117/m","₹6,117"
Coimbatore,2022,Maruti,New,Petrol,Manual,476999,1st owner,"EMI ₹9,325/m","₹9,325"
Coimbatore,2020,Renault,Kwid,Petrol,Manual,348000,1st owner,"EMI ₹6,803/m","₹6,803"
Coimbatore,2020,Honda,Amaze,Petrol,Auto,581000,1st owner,"EMI ₹11,359/m","₹11,359"
Coimbatore,2018,Tata,Tiago,Petrol,Manual,408000,1st owner,"EMI ₹7,976/m","₹7,976"
Coimbatore,2018,Maruti,Alto,Petrol,Manual,320000,1st owner,"EMI ₹7,118/m","₹7,118"
Coimbatore,2018,Honda,Amaze,Diesel,Manual,620000,1st owner,"EMI ₹12,121/m","₹12,121"
Coimbatore,2022,Renault,TRIBER,Petrol,Manual,537000,1st owner,"EMI ₹10,498/m","₹10,498"
Coimbatore,2017,Honda,City,Petrol,Manual,548000,1st owner,"EMI ₹10,714/m","₹10,714"
Coimbatore,2022,Honda,Amaze,Petrol,Manual,642000,2nd owner,"EMI ₹12,551/m","₹12,551"
Patna,2018,Renault,Kwid,Petrol,Manual,292000,2nd owner,"EMI ₹5,703/m","₹5,703"
Patna,2021,Renault,TRIBER,Petrol,Manual,559000,1st owner,"EMI ₹10,928/m","₹10,928"
Patna,2016,Maruti,Vitara,Diesel,Manual,459000,1st owner,"EMI ₹10,210/m","₹10,210"
Patna,2020,KIA,SONET,Diesel,Auto,1035000,1st owner,"EMI ₹19,698/m","₹19,698"
Patna,2020,KIA,SONET,Petrol,Manual,714000,2nd owner,"EMI ₹13,967/m","₹13,967"
Patna,2020,Datsun,Redi,Petrol,Manual,290000,1st owner,"EMI ₹5,670/m","₹5,670"
Patna,2018,Honda,Amaze,Diesel,Auto,484999,2nd owner,"EMI ₹9,482/m","₹9,482"
Patna,2020,Honda,Civic,Petrol,Auto,1390000,1st owner,"EMI ₹26,451/m","₹26,451"
Patna,2015,Hyundai,Creta,Diesel,Manual,557000,1st owner,"EMI ₹14,668/m","₹14,668"
Patna,2015,Maruti,Swift,Petrol,Manual,337000,1st owner,"EMI ₹7,500/m","₹7,500"
Patna,2023,Maruti,Alto,Petrol,Manual,350000,1st owner,"EMI ₹6,843/m","₹6,843"
Patna,2022,Renault,Kwid,Petrol,Manual,399000,1st owner,"EMI ₹7,801/m","₹7,801"
Patna,2022,Mahindra,XUV300,Petrol,Manual,796000,1st owner,"EMI ₹15,562/m","₹15,562"
Patna,2023,Maruti,New,Petrol,Manual,479000,1st owner,"EMI ₹9,365/m","₹9,365"
Patna,2021,Hyundai,Creta,Petrol,Manual,930000,1st owner,"EMI ₹17,702/m","₹17,702"
Patna,2019,Hyundai,Elite,Petrol,Manual,521000,1st owner,"EMI ₹10,182/m","₹10,182"
Patna,2023,Maruti,Alto,Petrol,Manual,436000,1st owner,"EMI ₹8,524/m","₹8,524"
Patna,2021,Mahindra,Thar,Petrol,Manual,1059000,1st owner,"EMI ₹20,159/m","₹20,159"
Patna,2021,KIA,SONET,Petrol,Auto,755000,1st owner,"EMI ₹14,760/m","₹14,760"
Patna,2016,Hyundai,Creta,Petrol,Manual,605000,1st owner,"EMI ₹11,828/m","₹11,828"
Surat,2015,Maruti,Wagon,Petrol,Manual,308000,1st owner,"EMI ₹6,854/m","₹6,854"
Surat,2023,Nissan,MAGNITE,Petrol,Manual,529000,1st owner,"EMI ₹10,341/m","₹10,341"
Surat,2017,Hyundai,Grand,Petrol,Manual,408000,1st owner,"EMI ₹7,980/m","₹7,980"
Surat,2023,Tata,NEXON,Petrol,Auto,990000,2nd owner,"EMI ₹18,847/m","₹18,847"
Surat,2018,Maruti,Ertiga,Diesel,Manual,690000,1st owner,"EMI ₹13,485/m","₹13,485"
Surat,2022,Maruti,IGNIS,Petrol,Manual,451000,1st owner,"EMI ₹8,808/m","₹8,808"
Surat,2018,Ford,Figo,CNG,Manual,328000,2nd owner,"EMI ₹6,408/m","₹6,408"
Surat,2019,Honda,WR-V,Petrol,Manual,545000,1st owner,"EMI ₹10,655/m","₹10,655"
Surat,2022,Skoda,KUSHAQ,Petrol,Auto,1242000,1st owner,"EMI ₹23,640/m","₹23,640"
Surat,2017,Hyundai,Creta,Petrol,Manual,635000,1st owner,"EMI ₹12,414/m","₹12,414"
Surat,2017,Volkswagen,Ameo,Petrol,Manual,339000,1st owner,"EMI ₹6,636/m","₹6,636"
Surat,2020,Mahindra,XUV300,Petrol,Manual,713000,1st owner,"EMI ₹13,937/m","₹13,937"
Surat,2023,Nissan,MAGNITE,Petrol,Manual,525000,1st owner,"EMI ₹10,264/m","₹10,264"
Surat,2020,Renault,TRIBER,Petrol,Manual,413999,1st owner,"EMI ₹8,094/m","₹8,094"
Surat,2018,Renault,Kwid,Petrol,Manual,244000,1st owner,"EMI ₹4,770/m","₹4,770"
Surat,2023,Maruti,JIMNY,Petrol,Manual,952999,1st owner,"EMI ₹18,145/m","₹18,145"
Surat,2019,Hyundai,Grand,CNG,Manual,408000,2nd owner,"EMI ₹7,976/m","₹7,976"
Surat,2021,Maruti,Vitara,Petrol,Manual,615000,2nd owner,"EMI ₹12,023/m","₹12,023"
Surat,2019,KIA,SELTOS,Petrol,Auto,999000,2nd owner,"EMI ₹19,022/m","₹19,022"
Surat,2022,Tata,Tiago,CNG,Manual,509999,1st owner,"EMI ₹9,971/m","₹9,971"
Vadodara,2019,Ford,Ecosport,Petrol,Manual,663000,2nd owner,"EMI ₹12,957/m","₹12,957"
Vadodara,2014,Maruti,Celerio,Petrol,Manual,246000,1st owner,"EMI ₹6,488/m","₹6,488"
Vadodara,2019,Tata,Tiago,Petrol,Manual,386000,1st owner,"EMI ₹7,548/m","₹7,548"
Vadodara,2019,Honda,Amaze,Petrol,Manual,457000,1st owner,"EMI ₹8,937/m","₹8,937"
Vadodara,2020,Maruti,Dzire,Petrol,Manual,551000,1st owner,"EMI ₹10,772/m","₹10,772"
Vadodara,2023,Hyundai,GRAND,Petrol,Manual,605000,1st owner,"EMI ₹11,828/m","₹11,828"
Vadodara,2018,Jeep,Compass,Petrol,Manual,697000,1st owner,"EMI ₹13,630/m","₹13,630"
Vadodara,2021,Hyundai,Creta,Petrol,Auto,1170000,2nd owner,"EMI ₹22,270/m","₹22,270"
Vadodara,2016,Maruti,Swift,Petrol,Manual,351000,1st owner,"EMI ₹6,862/m","₹6,862"
Vadodara,2021,Tata,NEXON,Petrol,Manual,657000,1st owner,"EMI ₹12,844/m","₹12,844"
Vadodara,2022,Maruti,Alto,Petrol,Manual,354000,1st owner,"EMI ₹6,915/m","₹6,915"
Vadodara,2020,KIA,SONET,Petrol,Auto,710000,1st owner,"EMI ₹13,881/m","₹13,881"
Vadodara,2017,Hyundai,Grand,Petrol,Manual,335000,2nd owner,"EMI ₹6,549/m","₹6,549"
Vadodara,2021,Skoda,KUSHAQ,Petrol,Manual,747000,2nd owner,"EMI ₹14,604/m","₹14,604"
Vadodara,2022,Hyundai,VENUE,Petrol,Manual,797000,1st owner,"EMI ₹15,585/m","₹15,585"
Vadodara,2019,Honda,City,Petrol,Manual,589000,1st owner,"EMI ₹11,521/m","₹11,521"
Vadodara,2021,Maruti,Vitara,Petrol,Manual,767000,1st owner,"EMI ₹14,995/m","₹14,995"
Vadodara,2020,Volkswagen,Polo,Petrol,Manual,480000,1st owner,"EMI ₹9,384/m","₹9,384"
Vadodara,2016,Ford,Ecosport,Petrol,Auto,446000,1st owner,"EMI ₹8,719/m","₹8,719"
Vadodara,2022,Tata,Tiago,Petrol,Manual,495000,1st owner,"EMI ₹9,677/m","₹9,677"
Agra,2012,Maruti,Swift,Diesel,Manual,248000,2nd owner,"EMI ₹21,993/m","₹21,993"
Agra,2018,Maruti,Wagon,Petrol,Manual,325000,1st owner,"EMI ₹6,354/m","₹6,354"
Agra,2021,Maruti,Swift,Petrol,Manual,540000,1st owner,"EMI ₹10,560/m","₹10,560"
Agra,2019,Renault,Kwid,Petrol,Manual,240000,1st owner,"EMI ₹4,692/m","₹4,692"
Agra,2017,Maruti,Vitara,Diesel,Manual,505000,1st owner,"EMI ₹9,873/m","₹9,873"
Agra,2023,Maruti,JIMNY,Petrol,Auto,1070000,1st owner,"EMI ₹20,366/m","₹20,366"
Agra,2022,Tata,ALTROZ,Diesel,Manual,678000,1st owner,"EMI ₹13,255/m","₹13,255"
Agra,2021,Renault,Kwid,Petrol,Manual,340000,1st owner,"EMI ₹6,647/m","₹6,647"
Agra,2024,Honda,ELEVATE,Petrol,Manual,1338000,1st owner,"EMI ₹25,473/m","₹25,473"
Agra,2022,Tata,TIGOR,CNG,Manual,594000,1st owner,"EMI ₹11,622/m","₹11,622"
Agra,2021,Tata,ALTROZ,Petrol,Manual,590000,1st owner,"EMI ₹11,535/m","₹11,535"
Agra,2022,Hyundai,AURA,CNG,Manual,611000,1st owner,"EMI ₹11,937/m","₹11,937"
Agra,2019,Renault,Kwid,Petrol,Manual,235000,2nd owner,"EMI ₹4,594/m","₹4,594"
Agra,2021,Maruti,Baleno,Petrol,Manual,570000,1st owner,"EMI ₹11,144/m","₹11,144"
Agra,2012,Honda,Brio,Petrol,Manual,179000,1st owner,"EMI ₹8,426/m","₹8,426"
Agra,2019,Maruti,S,Petrol,Manual,328000,1st owner,"EMI ₹6,417/m","₹6,417"
Agra,2014,Maruti,Wagon,Petrol,Manual,239000,1st owner,"EMI ₹6,294/m","₹6,294"
Agra,2016,Hyundai,Creta,Diesel,Manual,538000,2nd owner,"EMI ₹11,968/m","₹11,968"
Agra,2023,Volkswagen,VIRTUS,Petrol,Auto,1375000,1st owner,"EMI ₹26,172/m","₹26,172"
Agra,2021,Renault,Kiger,Petrol,Manual,585000,2nd owner,"EMI ₹11,437/m","₹11,437"
Ahmedabad,2022,Honda,City,Petrol,Manual,737000,1st owner,"EMI ₹14,408/m","₹14,408"
Ahmedabad,2016,Maruti,Baleno,Petrol,Manual,430999,1st owner,"EMI ₹8,417/m","₹8,417"
Ahmedabad,2020,Honda,Amaze,CNG,Manual,548000,1st owner,"EMI ₹10,722/m","₹10,722"
Ahmedabad,2017,Hyundai,Elite,CNG,Manual,534000,1st owner,"EMI ₹11,883/m","₹11,883"
Ahmedabad,2015,Hyundai,Xcent,Petrol,Manual,352000,1st owner,"EMI ₹7,839/m","₹7,839"
Ahmedabad,2021,Renault,TRIBER,Petrol,Auto,595000,1st owner,"EMI ₹11,623/m","₹11,623"
Ahmedabad,2023,Maruti,FRONX,CNG,Manual,825000,1st owner,"EMI ₹15,703/m","₹15,703"
Ahmedabad,2024,Hyundai,GRAND,Petrol,Manual,693000,1st owner,"EMI ₹13,550/m","₹13,550"
Ahmedabad,2015,Hyundai,Creta,Petrol,Manual,686000,1st owner,"EMI ₹15,258/m","₹15,258"
Ahmedabad,2022,Hyundai,Creta,Petrol,Manual,875000,1st owner,"EMI ₹16,655/m","₹16,655"
Ahmedabad,2023,Maruti,Alto,Petrol,Manual,438999,2nd owner,"EMI ₹8,579/m","₹8,579"
Ahmedabad,2018,Renault,Kwid,Petrol,Manual,218000,1st owner,"EMI ₹4,845/m","₹4,845"
Ahmedabad,2019,Hyundai,Grand,CNG,Manual,438999,2nd owner,"EMI ₹8,589/m","₹8,589"
Ahmedabad,2019,Maruti,Alto,CNG,Manual,340000,1st owner,"EMI ₹6,651/m","₹6,651"
Ahmedabad,2017,Hyundai,Eon,CNG,Manual,195000,3rd owner,"EMI ₹4,338/m","₹4,338"
Ahmedabad,2023,Skoda,SLAVIA,Petrol,Manual,918000,1st owner,"EMI ₹17,470/m","₹17,470"
Ahmedabad,2024,Tata,ALTROZ,Petrol,Manual,1054000,1st owner,"EMI ₹20,059/m","₹20,059"
Ahmedabad,2022,Maruti,Vitara,Petrol,Manual,847000,1st owner,"EMI ₹16,121/m","₹16,121"
Ahmedabad,2021,Maruti,Ertiga,CNG,Manual,880000,1st owner,"EMI ₹16,750/m","₹16,750"
Ahmedabad,2022,Skoda,KUSHAQ,Petrol,Manual,940000,1st owner,"EMI ₹17,886/m","₹17,886"
Jaipur,2016,Maruti,Wagon,Petrol,Manual,316000,2nd owner,"EMI ₹6,169/m","₹6,169"
Jaipur,2017,Renault,Kwid,Petrol,Manual,219000,1st owner,"EMI ₹4,284/m","₹4,284"
Jaipur,2021,Nissan,MAGNITE,Petrol,Manual,440000,2nd owner,"EMI ₹8,603/m","₹8,603"
Jaipur,2021,Nissan,MAGNITE,Petrol,Manual,538000,1st owner,"EMI ₹10,516/m","₹10,516"
Jaipur,2022,Mahindra,Bolero,Diesel,Manual,900000,1st owner,"EMI ₹17,131/m","₹17,131"
Jaipur,2021,Tata,NEXON,Petrol,Manual,863000,1st owner,"EMI ₹16,419/m","₹16,419"
Jaipur,2019,Ford,Ecosport,Diesel,Manual,660000,1st owner,"EMI ₹12,903/m","₹12,903"
Jaipur,2023,Maruti,Swift,Petrol,Manual,697000,1st owner,"EMI ₹13,628/m","₹13,628"
Jaipur,2022,Nissan,MAGNITE,Petrol,Manual,552000,1st owner,"EMI ₹10,792/m","₹10,792"
Jaipur,2017,Maruti,Vitara,Diesel,Manual,599000,1st owner,"EMI ₹11,711/m","₹11,711"
Jaipur,2020,Honda,Amaze,Petrol,Manual,501999,1st owner,"EMI ₹9,814/m","₹9,814"
Jaipur,2021,Maruti,Vitara,Petrol,Manual,677000,2nd owner,"EMI ₹13,235/m","₹13,235"
Jaipur,2018,Maruti,Baleno,Diesel,Manual,470000,2nd owner,"EMI ₹9,189/m","₹9,189"
Jaipur,2020,Maruti,Celerio,Petrol,Manual,397000,1st owner,"EMI ₹7,761/m","₹7,761"
Jaipur,2020,Hyundai,GRAND,Petrol,Manual,480999,1st owner,"EMI ₹9,404/m","₹9,404"
Jaipur,2019,Hyundai,Creta,Diesel,Manual,990000,1st owner,"EMI ₹18,844/m","₹18,844"
Jaipur,2023,Tata,PUNCH,Petrol,Auto,630000,1st owner,"EMI ₹12,313/m","₹12,313"
Jaipur,2021,Tata,NEXON,Petrol,Manual,577000,1st owner,"EMI ₹11,280/m","₹11,280"
Jaipur,2015,Maruti,Wagon,Petrol,Manual,271000,1st owner,"EMI ₹6,028/m","₹6,028"
Jaipur,2024,Maruti,Alto,CNG,Manual,552000,1st owner,"EMI ₹10,792/m","₹10,792"
Amritsar,2022,Mahindra,Thar,Diesel,Auto,1600000,1st owner,"EMI ₹30,455/m","₹30,455"
Amritsar,2015,Hyundai,Grand,Diesel,Manual,184000,1st owner,"EMI ₹4,845/m","₹4,845"
Amritsar,2012,Hyundai,i10,Petrol,Manual,229999,1st owner,"EMI ₹10,827/m","₹10,827"
Amritsar,2009,Hyundai,i10,Petrol,Manual,245000,2nd owner,,₹2.45 lakh
Amritsar,2017,Toyota,Innova,Diesel,Manual,1224000,2nd owner,"EMI ₹26,613/m","₹26,613"
Amritsar,2022,Tata,Safari,Diesel,Auto,1400000,1st owner,"EMI ₹26,648/m","₹26,648"
Amritsar,2014,Maruti,Swift,Diesel,Manual,430999,2nd owner,"EMI ₹14,302/m","₹14,302"
Amritsar,2015,Honda,Jazz,Petrol,Auto,225000,2nd owner,"EMI ₹5,005/m","₹5,005"
Amritsar,2010,Maruti,Alto,Petrol,Manual,50000,3rd owner,,₹0.60L
Amritsar,2018,Honda,Amaze,Petrol,Manual,550000,1st owner,"EMI ₹10,753/m","₹10,753"
Amritsar,2013,Renault,Duster,Diesel,Manual,214000,3rd owner,"EMI ₹10,074/m","₹10,074"
Amritsar,2017,Hyundai,Elite,Petrol,Manual,525000,2nd owner,"EMI ₹10,264/m","₹10,264"
Amritsar,2016,Maruti,Wagon,Petrol,Manual,290000,2nd owner,"EMI ₹5,670/m","₹5,670"
Amritsar,2013,Toyota,Etios,Diesel,Manual,325000,2nd owner,"EMI ₹15,299/m","₹15,299"
Amritsar,2019,Renault,Kwid,Petrol,Manual,300000,2nd owner,"EMI ₹5,865/m","₹5,865"
Amritsar,2018,Maruti,Swift,Diesel,Manual,625000,1st owner,"EMI ₹12,219/m","₹12,219"
Amritsar,2011,Skoda,Laura,Diesel,Auto,225000,1st owner,,₹2.25 lakh
Amritsar,2015,Hyundai,Elite,Petrol,Manual,480000,1st owner,"EMI ₹10,677/m","₹10,677"
Amritsar,2013,Honda,Brio,Petrol,Manual,260000,2nd owner,"EMI ₹8,636/m","₹8,636"
Amritsar,2011,Toyota,Corolla,Diesel,Manual,315000,1st owner,,₹3.15 lakh
Trivandrum,2011,Maruti,Ritz,Petrol,Manual,229999,2nd owner,"EMI ₹20,435/m","₹20,435"
Trivandrum,2012,Hyundai,Eon,Petrol,Manual,133000,3rd owner,"EMI ₹6,261/m","₹6,261"
Trivandrum,2010,Tata,Manza,Petrol,Manual,80000,1st owner,,₹0.91L
Trivandrum,2010,Tata,Safari,Diesel,Manual,110000,2nd owner,,₹1.30L
Trivandrum,2012,Mahindra,Bolero,Diesel,Manual,335000,1st owner,"EMI ₹29,764/m","₹29,764"
Trivandrum,2010,Maruti,Alto,Petrol,Manual,145000,3rd owner,,₹1.45 lakh
Trivandrum,2017,Honda,Jazz,Petrol,Manual,475000,1st owner,"EMI ₹9,286/m","₹9,286"
Trivandrum,2020,Tata,ALTROZ,Petrol,Manual,600000,2nd owner,"EMI ₹11,730/m","₹11,730"
Trivandrum,2023,KIA,CARENS,Diesel,Manual,1863000,1st owner,"EMI ₹35,460/m","₹35,460"
Trivandrum,2016,Ford,New,Petrol,Manual,363000,1st owner,"EMI ₹8,075/m","₹8,075"
Trivandrum,2019,Hyundai,Elite,Petrol,Manual,550000,1st owner,"EMI ₹10,753/m","₹10,753"
Trivandrum,2020,Tata,ALTROZ,Petrol,Manual,637000,2nd owner,"EMI ₹12,453/m","₹12,453"
Trivandrum,2011,Maruti,Eeco,Petrol,Manual,120000,1st owner,"EMI ₹10,662/m","₹10,662"
Trivandrum,2014,Skoda,Rapid,Diesel,Manual,298000,2nd owner,"EMI ₹9,898/m","₹9,898"
Trivandrum,2020,Tata,TIGOR,Petrol,Auto,520000,1st owner,"EMI ₹10,166/m","₹10,166"
Trivandrum,2017,Maruti,Ciaz,Diesel,Manual,757000,1st owner,"EMI ₹14,799/m","₹14,799"
Trivandrum,2018,Maruti,Alto,Petrol,Auto,360000,2nd owner,"EMI ₹7,038/m","₹7,038"
Trivandrum,2011,Chevrolet,Beat,Diesel,Manual,118000,1st owner,,₹1.18 lakh
Trivandrum,2023,Maruti,XL6,Petrol,Auto,1400000,1st owner,"EMI ₹26,648/m","₹26,648"
Trivandrum,2010,Chevrolet,Spark,Petrol,Manual,70000,5th owner,,₹0.70 lakh
Bhubaneswar,2008,Hyundai,i10,Petrol,Manual,185000,1st owner,,₹1.85 lakh
Bhubaneswar,2014,Mahindra,Scorpio,Diesel,Manual,400000,3rd owner,"EMI ₹13,286/m","₹13,286"
Bhubaneswar,2011,Ford,Figo,Diesel,Manual,235000,1st owner,,₹2.35 lakh
Bhubaneswar,2017,Maruti,Wagon,Petrol,Manual,407000,2nd owner,"EMI ₹7,957/m","₹7,957"
Bhubaneswar,2015,Volkswagen,Polo,Diesel,Manual,170000,4th owner,"EMI ₹4,477/m","₹4,477"
Bhubaneswar,2014,Nissan,Terrano,Diesel,Manual,252000,1st owner,"EMI ₹8,370/m","₹8,370"
Bhubaneswar,2009,Maruti,Alto,Petrol,Manual,100000,3rd owner,,₹1.00 lakh
Bhubaneswar,2020,Honda,Amaze,Petrol,Manual,580000,2nd owner,"EMI ₹11,339/m","₹11,339"
Bhubaneswar,2019,MG,HECTOR,Petrol,Auto,900000,1st owner,"EMI ₹19,568/m","₹19,568"
Bhubaneswar,2015,Ford,Figo,Petrol,Auto,282000,1st owner,"EMI ₹6,273/m","₹6,273"
Bhubaneswar,2016,Maruti,Vitara,Diesel,Manual,660000,1st owner,"EMI ₹14,681/m","₹14,681"
Bhubaneswar,2019,Hyundai,NEW,Petrol,Auto,500000,1st owner,"EMI ₹9,775/m","₹9,775"
Bhubaneswar,2017,Maruti,Vitara,Diesel,Manual,750000,1st owner,"EMI ₹14,663/m","₹14,663"
Bhubaneswar,2020,KIA,SELTOS,Petrol,Manual,850000,1st owner,"EMI ₹18,481/m","₹18,481"
Bhubaneswar,2019,Honda,City,Diesel,Manual,670000,1st owner,"EMI ₹13,099/m","₹13,099"
Bhubaneswar,2017,Mahindra,TUV300,Diesel,Manual,550000,1st owner,"EMI ₹10,753/m","₹10,753"
Bhubaneswar,2012,Honda,Brio,Petrol,Manual,175000,3rd owner,"EMI ₹8,238/m","₹8,238"
Bhubaneswar,2017,Ford,Ecosport,Diesel,Manual,390000,2nd owner,"EMI ₹8,675/m","₹8,675"
Bhubaneswar,2018,Honda,Amaze,Diesel,Manual,475000,2nd owner,"EMI ₹9,286/m","₹9,286"
Bhubaneswar,2018,Maruti,Swift,Petrol,Auto,625000,1st owner,"EMI ₹12,219/m","₹12,219"
Dehradun,2019,Hyundai,Elite,CNG,Manual,525000,1st owner,"EMI ₹11,678/m","₹11,678"
Dehradun,2021,Hyundai,VENUE,Petrol,Manual,750000,1st owner,"EMI ₹14,663/m","₹14,663"
Dehradun,2023,Mahindra,XUV300,Diesel,Manual,1090000,1st owner,"EMI ₹20,747/m","₹20,747"
Dehradun,2018,Maruti,Alto,Petrol,Auto,375000,1st owner,"EMI ₹7,331/m","₹7,331"
Dehradun,2017,Tata,NEXON,Diesel,Manual,540000,1st owner,"EMI ₹12,012/m","₹12,012"
Dehradun,2021,Hyundai,Creta,Petrol,Manual,950000,1st owner,"EMI ₹18,082/m","₹18,082"
Dehradun,2022,Maruti,XL6,Petrol,Manual,994999,1st owner,"EMI ₹18,939/m","₹18,939"
Dehradun,2020,Tata,Tiago,Petrol,Manual,525000,1st owner,"EMI ₹10,264/m","₹10,264"
Dehradun,2020,Renault,Kwid,Petrol,Manual,420000,1st owner,"EMI ₹8,211/m","₹8,211"
Dehradun,2016,Hyundai,Elite,Petrol,Manual,450000,2nd owner,"EMI ₹8,798/m","₹8,798"
Dehradun,2023,Maruti,Alto,Petrol,Manual,457000,1st owner,"EMI ₹8,934/m","₹8,934"
Dehradun,2022,Mahindra,Thar,Diesel,Manual,1500000,1st owner,"EMI ₹28,551/m","₹28,551"
Dehradun,2016,Nissan,Micra,Petrol,Manual,172000,4th owner,"EMI ₹3,819/m","₹3,819"
Dehradun,2018,Maruti,Ciaz,Petrol,Manual,620000,1st owner,"EMI ₹12,121/m","₹12,121"
Dehradun,2013,Renault,Duster,Diesel,Manual,252999,3rd owner,"EMI ₹11,910/m","₹11,910"
Dehradun,2015,Maruti,Alto,Petrol,Manual,144000,3rd owner,"EMI ₹3,203/m","₹3,203"
Dehradun,2016,Maruti,Swift,Diesel,Manual,270000,3rd owner,"EMI ₹6,006/m","₹6,006"
Dehradun,2021,Tata,Harrier,Diesel,Manual,1521000,1st owner,"EMI ₹28,942/m","₹28,942"
Dehradun,2021,Hyundai,Creta,Petrol,Auto,1250000,1st owner,"EMI ₹23,793/m","₹23,793"
Dehradun,2013,Hyundai,i20,Diesel,Manual,246000,3rd owner,"EMI ₹11,580/m","₹11,580"
Bhopal,2017,Renault,Kwid,Petrol,Manual,227999,2nd owner,"EMI ₹4,457/m","₹4,457"
Bhopal,2014,Maruti,Alto,Petrol,Manual,340000,1st owner,"EMI ₹8,954/m","₹8,954"
Bhopal,2011,Hyundai,i20,Petrol,Manual,140000,2nd owner,"EMI ₹12,439/m","₹12,439"
Bhopal,2023,KIA,CARENS,Petrol,Manual,1036000,1st owner,"EMI ₹19,719/m","₹19,719"
Bhopal,2023,Hyundai,GRAND,Petrol,Auto,650000,1st owner,"EMI ₹12,708/m","₹12,708"
Bhopal,2016,Tata,Zest,Diesel,Manual,169000,2nd owner,"EMI ₹3,751/m","₹3,751"
Bhopal,2022,Maruti,Alto,Petrol,Manual,377000,1st owner,"EMI ₹7,370/m","₹7,370"
Bhopal,2023,Tata,Tiago,Petrol,Manual,500000,1st owner,"EMI ₹9,775/m","₹9,775"
Bhopal,2012,Hyundai,i20,Petrol,Manual,225999,1st owner,"EMI ₹10,639/m","₹10,639"
Bhopal,2020,Ford,Ecosport,Petrol,Manual,700000,1st owner,"EMI ₹13,685/m","₹13,685"
Bhopal,2013,Ford,Figo,Diesel,Manual,225000,2nd owner,"EMI ₹10,596/m","₹10,596"
Bhopal,2024,Maruti,FRONX,Petrol,Manual,686000,1st owner,"EMI ₹13,411/m","₹13,411"
Bhopal,2014,Maruti,Wagon,Petrol,Manual,331000,1st owner,"EMI ₹8,712/m","₹8,712"
Bhopal,2017,Maruti,Alto,Petrol,Auto,250000,1st owner,"EMI ₹4,888/m","₹4,888"
Bhopal,2017,Maruti,Wagon,Petrol,Manual,235000,1st owner,"EMI ₹4,594/m","₹4,594"
Bhopal,2018,Jeep,Compass,Petrol,Auto,750000,1st owner,"EMI ₹14,663/m","₹14,663"
Bhopal,2015,Tata,Nano,Petrol,Auto,218000,2nd owner,"EMI ₹4,849/m","₹4,849"
Bhopal,2015,Tata,Indigo,Diesel,Manual,164000,1st owner,"EMI ₹4,319/m","₹4,319"
Bhopal,2019,Maruti,Swift,Petrol,Manual,476999,1st owner,"EMI ₹9,325/m","₹9,325"
Bhopal,2012,Ford,Figo,Diesel,Manual,105000,1st owner,"EMI ₹9,329/m","₹9,329"
