City,Year,Brand,Model,Fuel_Type,Transmission,KM_Driven,Owner,EMI_Price,Price,KM_Representation,Car_Age,Price_per_KM,Price_Category
Pune,2023,Hyundai,New,Petrol,Auto,876000.0,1St Owner,16676.0,16676.0,L,2,0.02,Budget
Pune,2022,Renault,Triber,Petrol,Auto,650000.0,1St Owner,12705.0,12705.0,L,3,0.02,Budget
Pune,2019,Hyundai,Venue,Petrol,Auto,772000.0,2Nd Owner,15088.0,15088.0,L,6,0.02,Budget
Pune,2022,Tata,Nexon,Diesel,Manual,1254000.0,1St Owner,23862.0,23862.0,L,3,0.02,Budget
Pune,2022,Tata,Altroz,Petrol,Manual,741000.0,1St Owner,14478.0,14478.0,L,3,0.02,Budget
Pune,2023,Mg,Astor,Petrol,Auto,1380000.0,1St Owner,26262.0,26262.0,L,2,0.02,Budget
Pune,2021,Renault,Kwid,Petrol,Auto,412000.0,2Nd Owner,8049.0,8049.0,L,4,0.02,Budget
Pune,2019,Hyundai,New,Cng,Manual,423000.0,1St Owner,8266.0,8266.0,L,6,0.02,Budget
Pune,2017,Honda,Wr-V,Petrol,Manual,600000.0,1St Owner,11737.0,11737.0,L,8,0.02,Budget
Pune,2018,Tata,Nexon,Cng,Manual,662000.0,2Nd Owner,12937.0,12937.0,L,7,0.02,Budget
Pune,2021,Maruti,Swift,Cng,Manual,590000.0,1St Owner,11535.0,11535.0,L,4,0.02,Budget
Pune,2023,Tata,Tiago,Cng,Manual,648000.0,1St Owner,12665.0,12665.0,L,2,0.02,Budget
Pune,2020,Tata,Tiago,Petrol,Manual,441000.0,1St Owner,8614.0,8614.0,L,5,0.02,Budget
Pune,2022,Mg,Astor,Petrol,Auto,1343000.0,1St Owner,25563.0,25563.0,L,3,0.02,Budget
Pune,2019,Maruti,Dzire,Petrol,Manual,486000.0,2Nd Owner,9496.0,9496.0,L,6,0.02,Budget
Pune,2018,Honda,Wr-V,Petrol,Manual,641000.0,1St Owner,12532.0,12532.0,L,7,0.02,Budget
Pune,2016,Hyundai,Verna,Petrol,Manual,540000.0,1St Owner,10557.0,10557.0,L,9,0.02,Budget
Pune,2017,Tata,Tiago,Petrol,Manual,352000.0,1St Owner,6884.0,6884.0,L,8,0.02,Budget
Pune,2024,Tata,Tigor,Cng,Auto,890000.0,1St Owner,16943.0,16943.0,L,1,0.02,Budget
Pune,2019,Kia,Seltos,Petrol,Auto,1160000.0,2Nd Owner,22088.0,22088.0,L,6,0.02,Budget
Bangalore,2013,Hyundai,Eon,Petrol,Manual,225000.0,2Nd Owner,7457.0,7457.0,L,12,0.03,Budget
Bangalore,2013,Honda,Amaze,Petrol,Manual,379000.0,1St Owner,12577.0,12577.0,L,12,0.03,Budget
Bangalore,2019,Honda,Amaze,Petrol,Manual,596000.0,1St Owner,11656.0,11656.0,L,6,0.02,Budget
Bangalore,2015,Hyundai,I10,Petrol,Manual,335000.0,2Nd Owner,7456.0,7456.0,L,10,0.02,Budget
Bangalore,2023,Maruti,New,Petrol,Manual,643000.0,1St Owner,12565.0,12565.0,L,2,0.02,Budget
Bangalore,2014,Maruti,Wagon,Petrol,Manual,367000.0,1St Owner,9652.0,9652.0,L,11,0.03,Budget
Bangalore,2012,Skoda,Rapid,Diesel,Manual,337000.0,1St Owner,29959.0,29959.0,L,13,0.09,Budget
Bangalore,2018,Maruti,Vitara,Diesel,Auto,799000.0,1St Owner,17773.0,17773.0,L,7,0.02,Budget
Bangalore,2021,Mahindra,Thar,Petrol,Auto,1042000.0,1St Owner,19834.0,19834.0,L,4,0.02,Budget
Bangalore,2016,Hyundai,Eon,Petrol,Manual,276000.0,2Nd Owner,5401.0,5401.0,L,9,0.02,Budget
Bangalore,2012,Hyundai,Verna,Petrol,Manual,363000.0,3Rd Owner,17086.0,17086.0,L,13,0.05,Budget
Bangalore,2022,Tata,Altroz,Petrol,Manual,677000.0,2Nd Owner,13232.0,13232.0,L,3,0.02,Budget
Bangalore,2021,Volkswagen,Polo,Petrol,Manual,857000.0,1St Owner,16321.0,16321.0,L,4,0.02,Budget
Bangalore,2018,Nissan,Sunny,Petrol,Manual,467000.0,1St Owner,9132.0,9132.0,L,7,0.02,Budget
Bangalore,2023,Kia,Carens,Petrol,Manual,991000.0,1St Owner,18863.0,18863.0,L,2,0.02,Budget
Bangalore,2019,Renault,Duster,Petrol,Manual,586000.0,2Nd Owner,11457.0,11457.0,L,6,0.02,Budget
Bangalore,2015,Mahindra,Xuv500,Diesel,Manual,767000.0,1St Owner,20193.0,20193.0,L,10,0.03,Budget
Bangalore,2021,Maruti,Baleno,Petrol,Manual,706000.0,1St Owner,13809.0,13809.0,L,4,0.02,Budget
Bangalore,2018,Maruti,Ignis,Petrol,Manual,422000.0,1St Owner,8251.0,8251.0,L,7,0.02,Budget
Bangalore,2019,Maruti,Ertiga,Petrol,Manual,905000.0,1St Owner,17217.0,17217.0,L,6,0.02,Budget
Mumbai,2016,Renault,Kwid,Petrol,Manual,234000.0,1St Owner,4583.0,4583.0,L,9,0.02,Budget
Mumbai,2016,Maruti,Wagon,Petrol,Manual,334000.0,1St Owner,6526.0,6526.0,L,9,0.02,Budget
Mumbai,2017,Volkswagen,Ameo,Petrol,Manual,450000.0,2Nd Owner,8798.0,8798.0,L,8,0.02,Budget
Mumbai,2015,Hyundai,Grand,Cng,Auto,355000.0,2Nd Owner,11791.0,11791.0,L,10,0.03,Budget
Mumbai,2017,Maruti,Ertiga,Petrol,Manual,710000.0,1St Owner,13881.0,13881.0,L,8,0.02,Budget
Mumbai,2015,Maruti,Wagon,Petrol,Manual,263000.0,2Nd Owner,5856.0,5856.0,L,10,0.02,Budget
Mumbai,2019,Hyundai,Grand,Petrol,Manual,521000.0,1St Owner,10194.0,10194.0,L,6,0.02,Budget
Mumbai,2021,Hyundai,Aura,Cng,Manual,618000.0,1St Owner,12082.0,12082.0,L,4,0.02,Budget
Mumbai,2022,Tata,Tiago,Cng,Manual,612000.0,1St Owner,11971.0,11971.0,L,3,0.02,Budget
Mumbai,2017,Tata,Tiago,Petrol,Manual,345000.0,1St Owner,6745.0,6745.0,L,8,0.02,Budget
Mumbai,2017,Volkswagen,Vento,Diesel,Manual,487000.0,2Nd Owner,10834.0,10834.0,L,8,0.02,Budget
Mumbai,2018,Maruti,Ciaz,Petrol,Manual,552000.0,1St Owner,10783.0,10783.0,L,7,0.02,Budget
Mumbai,2020,Hyundai,Grand,Petrol,Auto,634000.0,1St Owner,12388.0,12388.0,L,5,0.02,Budget
Mumbai,2016,Volkswagen,Ameo,Petrol,Manual,334000.0,1St Owner,6533.0,6533.0,L,9,0.02,Budget
Mumbai,2015,Hyundai,Elite,Petrol,Manual,378000.0,1St Owner,8399.0,8399.0,L,10,0.02,Budget
Mumbai,2018,Hyundai,Creta,Petrol,Manual,733000.0,1St Owner,14335.0,14335.0,L,7,0.02,Budget
Mumbai,2015,Maruti,Ertiga,Cng,Manual,641000.0,1St Owner,21305.0,21305.0,L,10,0.03,Budget
Mumbai,2015,Hyundai,Creta,Petrol,Manual,577000.0,2Nd Owner,12839.0,12839.0,L,10,0.02,Budget
Mumbai,2014,Honda,Brio,Petrol,Auto,333000.0,1St Owner,8777.0,8777.0,L,11,0.03,Budget
Mumbai,2022,Tata,Tiago,Cng,Manual,587000.0,1St Owner,11479.0,11479.0,L,3,0.02,Budget
Hyderabad,2018,Maruti,Swift,Petrol,Manual,527000.0,1St Owner,10310.0,10310.0,L,7,0.02,Budget
Hyderabad,2020,Maruti,New,Petrol,Manual,492000.0,1St Owner,9610.0,9610.0,L,5,0.02,Budget
Hyderabad,2015,Hyundai,Eon,Petrol,Manual,254999.0,2Nd Owner,5672.0,5672.0,L,10,0.02,Budget
Hyderabad,2012,Hyundai,I20,Petrol,Manual,274000.0,3Rd Owner,12902.0,12902.0,L,13,0.05,Budget
Hyderabad,2013,Maruti,Swift,Petrol,Manual,324000.0,2Nd Owner,10765.0,10765.0,L,12,0.03,Budget
Hyderabad,2015,Nissan,Terrano,Petrol,Manual,470000.0,1St Owner,10454.0,10454.0,L,10,0.02,Budget
Hyderabad,2017,Mahindra,Kuv100,Diesel,Manual,313000.0,1St Owner,6111.0,6111.0,L,8,0.02,Budget
Hyderabad,2013,Honda,Amaze,Cng,Manual,332000.0,3Rd Owner,29479.0,29479.0,L,12,0.09,Budget
Hyderabad,2018,Nissan,Sunny,Petrol,Auto,584000.0,1St Owner,11420.0,11420.0,L,7,0.02,Budget
Hyderabad,2012,Maruti,Ritz,Petrol,Manual,250999.0,1St Owner,11826.0,11826.0,L,13,0.05,Budget
Hyderabad,2020,Tata,Altroz,Petrol,Manual,505999.0,1St Owner,9901.0,9901.0,L,5,0.02,Budget
Hyderabad,2023,Maruti,Baleno,Petrol,Manual,778000.0,1St Owner,15207.0,15207.0,L,2,0.02,Budget
Hyderabad,2022,Hyundai,Grand,Petrol,Manual,537000.0,1St Owner,10506.0,10506.0,L,3,0.02,Budget
Hyderabad,2019,Hyundai,New,Petrol,Auto,445000.0,1St Owner,8695.0,8695.0,L,6,0.02,Budget
Hyderabad,2016,Maruti,Baleno,Petrol,Manual,451999.0,1St Owner,8828.0,8828.0,L,9,0.02,Budget
Hyderabad,2019,Maruti,Celerio,Petrol,Manual,424000.0,1St Owner,8284.0,8284.0,L,6,0.02,Budget
Hyderabad,2017,Tata,Tiago,Petrol,Manual,423000.0,1St Owner,8262.0,8262.0,L,8,0.02,Budget
Hyderabad,2019,Volkswagen,Polo,Petrol,Manual,565000.0,1St Owner,11043.0,11043.0,L,6,0.02,Budget
Hyderabad,2023,Tata,Tiago,Petrol,Manual,640000.0,1St Owner,12510.0,12510.0,L,2,0.02,Budget
Hyderabad,2022,Kia,Carens,Petrol,Manual,1161000.0,1St Owner,22101.0,22101.0,L,3,0.02,Budget
Nashik,2014,Hyundai,I20,Petrol,Manual,430000.0,1St Owner,11324.0,11324.0,L,11,0.03,Budget
Nashik,2013,Maruti,Ertiga,Diesel,Manual,675000.0,1St Owner,31775.0,31775.0,L,12,0.05,Budget
Nashik,2015,Hyundai,Xcent,Petrol,Manual,420000.0,1St Owner,9343.0,9343.0,L,10,0.02,Budget
Nashik,2013,Maruti,Ertiga,Diesel,Manual,650000.0,1St Owner,30598.0,30598.0,L,12,0.05,Budget
Nashik,2014,Hyundai,Xcent,Petrol,Manual,398000.0,1St Owner,10477.0,10477.0,L,11,0.03,Budget
Nashik,2014,Hyundai,Xcent,Petrol,Manual,391000.0,2Nd Owner,10297.0,10297.0,L,11,0.03,Budget
Nashik,2013,Maruti,Ertiga,Cng,Manual,625000.0,1St Owner,55530.0,55530.0,L,12,0.09,Budget
Nashik,2014,Maruti,Wagon,Petrol,Manual,345000.0,1St Owner,9088.0,9088.0,L,11,0.03,Budget
Nashik,2022,Tata,Nexon,Diesel,Auto,1350000.0,1St Owner,25696.0,25696.0,L,3,0.02,Budget
Nashik,2014,Maruti,Wagon,Petrol,Manual,350000.0,1St Owner,9217.0,9217.0,L,11,0.03,Budget
Nashik,2024,Nissan,Magnite,Petrol,Manual,650000.0,1St Owner,12708.0,12708.0,L,1,0.02,Budget
Nashik,2015,Honda,Amaze,Petrol,Manual,450000.0,1St Owner,10010.0,10010.0,L,10,0.02,Budget
Nashik,2024,Hyundai,Venue,Petrol,Manual,795000.0,1St Owner,15542.0,15542.0,L,1,0.02,Budget
Nashik,2010,Maruti,Zen,Petrol,Manual,64000.0,2Nd Owner,10889.0,90000.0,K,15,1.41,Budget
Nashik,2014,Skoda,Rapid,Diesel,Manual,471000.0,1St Owner,15644.0,15644.0,L,11,0.03,Budget
Nashik,2014,Maruti,Swift,Diesel,Manual,495000.0,1St Owner,16441.0,16441.0,L,11,0.03,Budget
Nashik,2015,Maruti,Ciaz,Diesel,Manual,640000.0,1St Owner,16854.0,16854.0,L,10,0.03,Budget
Nashik,2013,Hyundai,I10,Petrol,Manual,335000.0,1St Owner,11127.0,11127.0,L,12,0.03,Budget
Nashik,2014,Volkswagen,Vento,Diesel,Manual,550000.0,2Nd Owner,18268.0,18268.0,L,11,0.03,Budget
Nashik,2013,Honda,Amaze,Petrol,Manual,351000.0,1St Owner,11658.0,11658.0,L,12,0.03,Budget
Indore,2022,Honda,City,Petrol,Manual,971000.0,1St Owner,18483.0,18483.0,L,3,0.02,Budget
Indore,2021,Maruti,Baleno,Petrol,Manual,451000.0,2Nd Owner,8817.0,8817.0,L,4,0.02,Budget
Indore,2017,Honda,City,Petrol,Manual,542000.0,1St Owner,10596.0,10596.0,L,8,0.02,Budget
Indore,2019,Hyundai,Grand,Cng,Auto,476999.0,1St Owner,9325.0,9325.0,L,6,0.02,Budget
Indore,2022,Tata,Punch,Petrol,Manual,652000.0,1St Owner,12747.0,12747.0,L,3,0.02,Budget
Indore,2013,Hyundai,I20,Petrol,Manual,240000.0,2Nd Owner,7971.0,7971.0,L,12,0.03,Budget
Indore,2014,Maruti,Alto,Petrol,Manual,183000.0,2Nd Owner,4819.0,4819.0,L,11,0.03,Budget
Indore,2021,Tata,Altroz,Diesel,Manual,568000.0,1St Owner,11105.0,11105.0,L,4,0.02,Budget
Indore,2020,Tata,Harrier,Diesel,Manual,1032000.0,1St Owner,19643.0,19643.0,L,5,0.02,Budget
Indore,2016,Hyundai,Grand,Petrol,Manual,355000.0,1St Owner,6940.0,6940.0,L,9,0.02,Budget
Indore,2019,Datsun,Redi,Petrol,Manual,193000.0,2Nd Owner,3773.0,3773.0,L,6,0.02,Budget
Indore,2018,Ford,Freestyle,Diesel,Manual,465000.0,2Nd Owner,9091.0,9091.0,L,7,0.02,Budget
Indore,2019,Maruti,Baleno,Petrol,Manual,497000.0,1St Owner,9716.0,9716.0,L,6,0.02,Budget
Indore,2019,Renault,Kwid,Petrol,Manual,271000.0,2Nd Owner,5298.0,5298.0,L,6,0.02,Budget
Indore,2021,Hyundai,Venue,Petrol,Manual,660000.0,1St Owner,12903.0,12903.0,L,4,0.02,Budget
Indore,2016,Hyundai,Xcent,Petrol,Manual,325000.0,2Nd Owner,6354.0,6354.0,L,9,0.02,Budget
Indore,2021,Maruti,S,Petrol,Manual,329000.0,2Nd Owner,6427.0,6427.0,L,4,0.02,Budget
Indore,2017,Mahindra,Kuv100,Petrol,Manual,312000.0,1St Owner,6100.0,6100.0,L,8,0.02,Budget
Indore,2022,Kia,Seltos,Petrol,Manual,915000.0,1St Owner,17416.0,17416.0,L,3,0.02,Budget
Indore,2021,Tata,Altroz,Petrol,Manual,555000.0,1St Owner,10850.0,10850.0,L,4,0.02,Budget
Noida,2022,Tata,Safari,Diesel,Manual,1563000.0,1St Owner,29755.0,29755.0,L,3,0.02,Budget
Noida,2021,Mg,Hector,Petrol,Manual,968000.0,1St Owner,18426.0,18426.0,L,4,0.02,Budget
Noida,2018,Volkswagen,Ameo,Petrol,Manual,399000.0,1St Owner,7808.0,7808.0,L,7,0.02,Budget
Noida,2022,Mahindra,Xuv700,Petrol,Auto,2050000.0,1St Owner,39020.0,39020.0,L,3,0.02,Budget
Noida,2019,Maruti,Baleno,Petrol,Manual,349000.0,2Nd Owner,6827.0,6827.0,L,6,0.02,Budget
Noida,2016,Maruti,Swift,Petrol,Manual,334000.0,2Nd Owner,6530.0,6530.0,L,9,0.02,Budget
Noida,2015,Volkswagen,Polo,Petrol,Manual,331000.0,1St Owner,7362.0,7362.0,L,10,0.02,Budget
Noida,2024,Honda,Amaze,Petrol,Manual,875000.0,1St Owner,16646.0,16646.0,L,1,0.02,Budget
Noida,2021,Honda,City,Petrol,Auto,951000.0,1St Owner,18101.0,18101.0,L,4,0.02,Budget
Noida,2023,Kia,Sonet,Petrol,Manual,843000.0,1St Owner,16044.0,16044.0,L,2,0.02,Budget
Noida,2021,Toyota,Urban,Petrol,Manual,665000.0,1St Owner,12996.0,12996.0,L,4,0.02,Budget
Noida,2019,Honda,Amaze,Petrol,Manual,422000.0,1St Owner,8249.0,8249.0,L,6,0.02,Budget
Noida,2020,Tata,Harrier,Diesel,Manual,1022000.0,1St Owner,22221.0,22221.0,L,5,0.02,Budget
Noida,2019,Maruti,Baleno,Petrol,Manual,475000.0,1St Owner,9287.0,9287.0,L,6,0.02,Budget
Noida,2012,Hyundai,I10,Cng,Manual,166000.0,1St Owner,10889.0,166000.0,L,13,1.0,Budget
Noida,2021,Hyundai,Creta,Petrol,Manual,833000.0,1St Owner,15853.0,15853.0,L,4,0.02,Budget
Noida,2019,Renault,Kwid,Petrol,Manual,259000.0,2Nd Owner,5056.0,5056.0,L,6,0.02,Budget
Noida,2016,Ford,Ecosport,Petrol,Manual,394000.0,1St Owner,7702.0,7702.0,L,9,0.02,Budget
Noida,2018,Hyundai,Creta,Petrol,Manual,597000.0,1St Owner,11671.0,11671.0,L,7,0.02,Budget
Noida,2022,Skoda,Slavia,Petrol,Manual,1295000.0,1St Owner,24653.0,24653.0,L,3,0.02,Budget
Noida,2020,Mg,Hector,Petrol,Manual,1051000.0,2Nd Owner,20009.0,20009.0,L,5,0.02,Budget
Noida,2023,Mahindra,Xuv700,Petrol,Auto,1395000.0,1St Owner,26553.0,26553.0,L,2,0.02,Budget
Noida,2022,Tata,Safari,Diesel,Manual,1444000.0,1St Owner,27489.0,27489.0,L,3,0.02,Budget
Noida,2024,Nissan,Magnite,Petrol,Auto,684000.0,1St Owner,13365.0,13365.0,L,1,0.02,Budget
Noida,2023,Volkswagen,Virtus,Petrol,Manual,1060000.0,1St Owner,20176.0,20176.0,L,2,0.02,Budget
Noida,2024,Tata,Tigor,Cng,Auto,876000.0,1St Owner,16678.0,16678.0,L,1,0.02,Budget
Noida,2022,Maruti,New,Cng,Manual,532000.0,1St Owner,10403.0,10403.0,L,3,0.02,Budget
Noida,2018,Honda,City,Petrol,Manual,708000.0,1St Owner,13834.0,13834.0,L,7,0.02,Budget
Noida,2023,Tata,Nexon,Petrol,Manual,759000.0,1St Owner,14836.0,14836.0,L,2,0.02,Budget
Noida,2016,Ford,Ecosport,Petrol,Auto,398000.0,2Nd Owner,7789.0,7789.0,L,9,0.02,Budget
Noida,2017,Honda,City,Petrol,Manual,465000.0,2Nd Owner,9091.0,9091.0,L,8,0.02,Budget
Noida,2023,Mahindra,Xuv300,Petrol,Manual,688000.0,1St Owner,13459.0,13459.0,L,2,0.02,Budget
Noida,2016,Ford,Ecosport,Petrol,Manual,398000.0,1St Owner,7789.0,7789.0,L,9,0.02,Budget
Noida,2022,Maruti,New,Cng,Manual,535000.0,1St Owner,10459.0,10459.0,L,3,0.02,Budget
Noida,2023,Maruti,Baleno,Petrol,Manual,569000.0,1St Owner,11124.0,11124.0,L,2,0.02,Budget
Noida,2018,Datsun,Go,Petrol,Manual,215000.0,2Nd Owner,4203.0,4203.0,L,7,0.02,Budget
Noida,2024,Volkswagen,Taigun,Petrol,Manual,985000.0,1St Owner,18749.0,18749.0,L,1,0.02,Budget
Noida,2020,Tata,Altroz,Petrol,Manual,484999.0,1St Owner,9479.0,9479.0,L,5,0.02,Budget
Noida,2020,Kia,Sonet,Diesel,Auto,796000.0,1St Owner,17717.0,17717.0,L,5,0.02,Budget
Noida,2024,Tata,Curvv,Petrol,Manual,1125000.0,1St Owner,21413.0,21413.0,L,1,0.02,Budget
Chandigarh,2018,Tata,Tiago,Petrol,Manual,350000.0,1St Owner,6843.0,6843.0,L,7,0.02,Budget
Chandigarh,2017,Tata,Nexon,Diesel,Manual,482000.0,1St Owner,9418.0,9418.0,L,8,0.02,Budget
Chandigarh,2021,Hyundai,Grand,Petrol,Manual,472000.0,1St Owner,9226.0,9226.0,L,4,0.02,Budget
Chandigarh,2021,Tata,Altroz,Petrol,Manual,681000.0,1St Owner,13307.0,13307.0,L,4,0.02,Budget
Chandigarh,2022,Maruti,Vitara,Petrol,Manual,809000.0,1St Owner,15404.0,15404.0,L,3,0.02,Budget
Chandigarh,2019,Tata,Harrier,Diesel,Manual,894999.0,1St Owner,17036.0,17036.0,L,6,0.02,Budget
Chandigarh,2023,Toyota,Glanza,Petrol,Manual,649000.0,1St Owner,12688.0,12688.0,L,2,0.02,Budget
Chandigarh,2015,Maruti,Alto,Petrol,Manual,249000.0,1St Owner,5539.0,5539.0,L,10,0.02,Budget
Chandigarh,2017,Jeep,Compass,Diesel,Manual,710000.0,1St Owner,13881.0,13881.0,L,8,0.02,Budget
Chandigarh,2019,Volkswagen,Polo,Petrol,Manual,415000.0,2Nd Owner,8113.0,8113.0,L,6,0.02,Budget
Chandigarh,2014,Maruti,Swift,Petrol,Manual,328000.0,1St Owner,8638.0,8638.0,L,11,0.03,Budget
Chandigarh,2020,Hyundai,New,Petrol,Manual,585000.0,2Nd Owner,11437.0,11437.0,L,5,0.02,Budget
Chandigarh,2022,Hyundai,Venue,Petrol,Manual,686000.0,1St Owner,13411.0,13411.0,L,3,0.02,Budget
Chandigarh,2020,Kia,Sonet,Petrol,Manual,690000.0,2Nd Owner,13490.0,13490.0,L,5,0.02,Budget
Chandigarh,2017,Skoda,Rapid,Diesel,Manual,426000.0,2Nd Owner,8328.0,8328.0,L,8,0.02,Budget
Chandigarh,2019,Volkswagen,Ameo,Diesel,Manual,376000.0,1St Owner,7351.0,7351.0,L,6,0.02,Budget
Chandigarh,2017,Renault,Kwid,Petrol,Auto,286000.0,1St Owner,5598.0,5598.0,L,8,0.02,Budget
Chandigarh,2013,Maruti,Swift,Diesel,Manual,283000.0,1St Owner,13310.0,13310.0,L,12,0.05,Budget
Chandigarh,2020,Volkswagen,Polo,Petrol,Manual,577000.0,1St Owner,11280.0,11280.0,L,5,0.02,Budget
Chandigarh,2020,Tata,Altroz,Petrol,Manual,495000.0,1St Owner,9677.0,9677.0,L,5,0.02,Budget
Chandigarh,2014,Honda,Amaze,Diesel,Manual,194000.0,2Nd Owner,6444.0,6444.0,L,11,0.03,Budget
Chandigarh,2013,Honda,Amaze,Diesel,Manual,200000.0,3Rd Owner,9415.0,9415.0,L,12,0.05,Budget
Chandigarh,2020,Maruti,Swift,Petrol,Manual,426000.0,1St Owner,8328.0,8328.0,L,5,0.02,Budget
Chandigarh,2022,Mahindra,Thar,Diesel,Auto,1468000.0,2Nd Owner,27942.0,27942.0,L,3,0.02,Budget
Chandigarh,2015,Ford,Figo,Diesel,Manual,312000.0,1St Owner,8216.0,8216.0,L,10,0.03,Budget
Chandigarh,2023,Maruti,Eeco,Petrol,Manual,553000.0,2Nd Owner,10811.0,10811.0,L,2,0.02,Budget
Chandigarh,2021,Mahindra,Xuv500,Diesel,Manual,1423000.0,1St Owner,27085.0,27085.0,L,4,0.02,Budget
Chandigarh,2023,Mahindra,Scorpio-N,Diesel,Auto,2089999.0,1St Owner,39781.0,39781.0,L,2,0.02,Budget
Chandigarh,2015,Maruti,Alto,Petrol,Manual,197000.0,2Nd Owner,4382.0,4382.0,L,10,0.02,Budget
Chandigarh,2014,Hyundai,Eon,Petrol,Manual,155000.0,3Rd Owner,4082.0,4082.0,L,11,0.03,Budget
Chandigarh,2018,Hyundai,Verna,Diesel,Manual,625000.0,2Nd Owner,12219.0,12219.0,L,7,0.02,Budget
Chandigarh,2010,Maruti,Swift,Petrol,Manual,121000.0,2Nd Owner,10889.0,121000.0,L,15,1.0,Budget
Chandigarh,2014,Hyundai,I20,Petrol,Manual,280000.0,2Nd Owner,7373.0,7373.0,L,11,0.03,Budget
Chandigarh,2014,Tata,Nano,Petrol,Manual,138000.0,3Rd Owner,3634.0,3634.0,L,11,0.03,Budget
Chandigarh,2021,Tata,Punch,Petrol,Manual,669000.0,1St Owner,13079.0,13079.0,L,4,0.02,Budget
Chandigarh,2015,Hyundai,Verna,Diesel,Auto,305000.0,3Rd Owner,8032.0,8032.0,L,10,0.03,Budget
Chandigarh,2010,Honda,City,Petrol,Manual,165000.0,1St Owner,10889.0,165000.0,L,15,1.0,Budget
Chandigarh,2012,Maruti,Wagon,Petrol,Manual,138000.0,2Nd Owner,6496.0,6496.0,L,13,0.05,Budget
Chandigarh,2017,Mahindra,Kuv,Petrol,Manual,250000.0,2Nd Owner,5561.0,5561.0,L,8,0.02,Budget
Chandigarh,2010,Ford,Fiesta,Petrol,Manual,160000.0,1St Owner,10889.0,170000.0,L,15,1.06,Budget
Ludhiana,2023,Maruti,Alto,Petrol,Manual,475000.0,1St Owner,9286.0,9286.0,L,2,0.02,Budget
Ludhiana,2011,Volkswagen,Polo,Petrol,Manual,150000.0,1St Owner,13327.0,13327.0,L,14,0.09,Budget
Ludhiana,2010,Maruti,Ritz,Petrol,Manual,110000.0,2Nd Owner,10889.0,110000.00000000001,L,15,1.0,Budget
Ludhiana,2021,Maruti,Ertiga,Cng,Manual,750000.0,1St Owner,14663.0,14663.0,L,4,0.02,Budget
Ludhiana,2011,Maruti,Sx4,Diesel,Manual,140000.0,1St Owner,10889.0,140000.0,L,14,1.0,Budget
Ludhiana,2013,Hyundai,Verna,Diesel,Manual,368000.0,1St Owner,17323.0,17323.0,L,12,0.05,Budget
Ludhiana,2022,Hyundai,Creta,Diesel,Auto,1695000.0,2Nd Owner,32263.0,32263.0,L,3,0.02,Budget
Ludhiana,2021,Renault,Kiger,Petrol,Manual,500000.0,1St Owner,9775.0,9775.0,L,4,0.02,Budget
Ludhiana,2018,Hyundai,Creta,Petrol,Manual,974000.0,1St Owner,18539.0,18539.0,L,7,0.02,Budget
Ludhiana,2016,Toyota,Fortuner,Diesel,Auto,1436000.0,4Th Owner,31222.0,31222.0,L,9,0.02,Budget
Ludhiana,2011,Nissan,Micra,Petrol,Manual,94000.0,2Nd Owner,8316.0,8316.0,K,14,0.09,Budget
Ludhiana,2017,Tata,Tigor,Petrol,Manual,325000.0,1St Owner,6354.0,6354.0,L,8,0.02,Budget
Ludhiana,2018,Hyundai,Creta,Diesel,Manual,640000.0,2Nd Owner,12512.0,12512.0,L,7,0.02,Budget
Ludhiana,2011,Maruti,Alto,Petrol,Manual,150000.0,1St Owner,13327.0,13327.0,L,14,0.09,Budget
Ludhiana,2010,Maruti,Alto,Petrol,Manual,83000.0,5Th Owner,10889.0,83000.0,K,15,1.0,Budget
Ludhiana,2011,Chevrolet,Cruze,Diesel,Auto,150000.0,3Rd Owner,10889.0,160000.0,L,14,1.07,Budget
Ludhiana,2015,Ford,Ecosport,Diesel,Manual,229000.0,3Rd Owner,6023.0,6023.0,L,10,0.03,Budget
Ludhiana,2011,Volkswagen,Vento,Diesel,Manual,182000.0,1St Owner,10889.0,182000.0,L,14,1.0,Budget
Ludhiana,2015,Maruti,Alto,Petrol,Manual,225000.0,2Nd Owner,5005.0,5005.0,L,10,0.02,Budget
Ludhiana,2013,Nissan,Micra,Diesel,Manual,118000.0,3Rd Owner,5555.0,5555.0,L,12,0.05,Budget
Lucknow,2021,Maruti,Eeco,Petrol,Manual,424000.0,1St Owner,8291.0,8291.0,L,4,0.02,Budget
Lucknow,2023,Kia,Sonet,Petrol,Auto,1128000.0,1St Owner,21476.0,21476.0,L,2,0.02,Budget
Lucknow,2021,Tata,Tiago,Petrol,Manual,409999.0,1St Owner,8013.0,8013.0,L,4,0.02,Budget
Lucknow,2022,Maruti,Alto,Petrol,Manual,358000.0,1St Owner,7006.0,7006.0,L,3,0.02,Budget
Lucknow,2016,Maruti,Baleno,Petrol,Manual,362000.0,1St Owner,7077.0,7077.0,L,9,0.02,Budget
Lucknow,2022,Hyundai,Venue,Petrol,Manual,635000.0,2Nd Owner,12414.0,12414.0,L,3,0.02,Budget
Lucknow,2022,Tata,Punch,Petrol,Manual,530000.0,1St Owner,10362.0,10362.0,L,3,0.02,Budget
Lucknow,2014,Honda,Amaze,Petrol,Manual,292000.0,1St Owner,7689.0,7689.0,L,11,0.03,Budget
Lucknow,2024,Hyundai,Creta,Petrol,Manual,1521000.0,1St Owner,28957.0,28957.0,L,1,0.02,Budget
Lucknow,2021,Maruti,Swift,Petrol,Auto,549000.0,2Nd Owner,10733.0,10733.0,L,4,0.02,Budget
Lucknow,2018,Maruti,Vitara,Diesel,Manual,519000.0,2Nd Owner,10152.0,10152.0,L,7,0.02,Budget
Lucknow,2014,Maruti,Swift,Petrol,Manual,320000.0,2Nd Owner,8427.0,8427.0,L,11,0.03,Budget
Lucknow,2018,Maruti,Vitara,Diesel,Manual,474000.0,2Nd Owner,9267.0,9267.0,L,7,0.02,Budget
Lucknow,2020,Tata,Nexon,Petrol,Auto,519000.0,2Nd Owner,10147.0,10147.0,L,5,0.02,Budget
Lucknow,2017,Hyundai,Xcent,Petrol,Manual,353000.0,1St Owner,6901.0,6901.0,L,8,0.02,Budget
Lucknow,2017,Maruti,Ciaz,Diesel,Manual,401000.0,1St Owner,7847.0,7847.0,L,8,0.02,Budget
Lucknow,2022,Hyundai,Creta,Diesel,Manual,1090000.0,2Nd Owner,20747.0,20747.0,L,3,0.02,Budget
Lucknow,2019,Renault,Kwid,Petrol,Manual,264000.0,1St Owner,5161.0,5161.0,L,6,0.02,Budget
Lucknow,2023,Hyundai,New,Petrol,Manual,860000.0,1St Owner,16372.0,16372.0,L,2,0.02,Budget
Lucknow,2023,Maruti,Alto,Petrol,Manual,358000.0,1St Owner,6999.0,6999.0,L,2,0.02,Budget
Gurgaon,2022,Tata,Safari,Diesel,Manual,1444000.0,1St Owner,27489.0,27489.0,L,3,0.02,Budget
Gurgaon,2023,Skoda,Kushaq,Petrol,Auto,1087000.0,1St Owner,20690.0,20690.0,L,2,0.02,Budget
Gurgaon,2015,Hyundai,Eon,Petrol,Manual,190000.0,2Nd Owner,4226.0,4226.0,L,10,0.02,Budget
Gurgaon,2020,Tata,Altroz,Petrol,Manual,432000.0,1St Owner,8446.0,8446.0,L,5,0.02,Budget
Gurgaon,2021,Honda,City,Petrol,Manual,701000.0,1St Owner,13705.0,13705.0,L,4,0.02,Budget
Gurgaon,2023,Nissan,Magnite,Petrol,Manual,508000.0,1St Owner,9931.0,9931.0,L,2,0.02,Budget
Gurgaon,2024,Hyundai,Verna,Petrol,Manual,1243000.0,1St Owner,23659.0,23659.0,L,1,0.02,Budget
Gurgaon,2019,Mahindra,Xuv500,Diesel,Manual,656000.0,1St Owner,17273.0,17273.0,L,6,0.03,Budget
Gurgaon,2020,Tata,Altroz,Cng,Manual,451999.0,1St Owner,8835.0,8835.0,L,5,0.02,Budget
Gurgaon,2021,Kia,Sonet,Petrol,Manual,641000.0,1St Owner,12532.0,12532.0,L,4,0.02,Budget
Gurgaon,2019,Hyundai,Creta,Petrol,Auto,877999.0,1St Owner,16712.0,16712.0,L,6,0.02,Budget
Gurgaon,2022,Tata,Altroz,Petrol,Manual,500000.0,1St Owner,9779.0,9779.0,L,3,0.02,Budget
Gurgaon,2016,Ford,Ecosport,Petrol,Manual,398000.0,1St Owner,7789.0,7789.0,L,9,0.02,Budget
Gurgaon,2022,Mg,Astor,Petrol,Manual,861999.0,1St Owner,16407.0,16407.0,L,3,0.02,Budget
Gurgaon,2019,Hyundai,New,Petrol,Manual,785000.0,2Nd Owner,15347.0,15347.0,L,6,0.02,Budget
Gurgaon,2023,Skoda,Slavia,Petrol,Manual,872000.0,1St Owner,16598.0,16598.0,L,2,0.02,Budget
Gurgaon,2024,Maruti,Ignis,Petrol,Manual,486000.0,1St Owner,9501.0,9501.0,L,1,0.02,Budget
Gurgaon,2019,Mahindra,Scorpio,Diesel,Manual,1053000.0,1St Owner,27215.0,27215.0,L,6,0.03,Budget
Gurgaon,2022,Tata,Altroz,Petrol,Manual,610000.0,1St Owner,11926.0,11926.0,L,3,0.02,Budget
Gurgaon,2024,Volkswagen,Taigun,Petrol,Manual,1034000.0,1St Owner,19681.0,19681.0,L,1,0.02,Budget
Gurgaon,2020,Mg,Hector,Petrol,Manual,1051000.0,2Nd Owner,20009.0,20009.0,L,5,0.02,Budget
Gurgaon,2017,Hyundai,I20,Petrol,Manual,490000.0,1St Owner,9575.0,9575.0,L,8,0.02,Budget
Gurgaon,2023,Mahindra,Xuv700,Petrol,Auto,1395000.0,1St Owner,26553.0,26553.0,L,2,0.02,Budget
Gurgaon,2022,Maruti,Alto,Petrol,Manual,350000.0,1St Owner,6843.0,6843.0,L,3,0.02,Budget
Gurgaon,2022,Tata,Safari,Diesel,Manual,1563000.0,1St Owner,29755.0,29755.0,L,3,0.02,Budget
Gurgaon,2023,Mahindra,Xuv300,Petrol,Manual,688000.0,1St Owner,13459.0,13459.0,L,2,0.02,Budget
Gurgaon,2023,Volkswagen,Virtus,Petrol,Manual,1060000.0,1St Owner,20176.0,20176.0,L,2,0.02,Budget
Gurgaon,2020,Tata,Altroz,Petrol,Manual,476000.0,1St Owner,9306.0,9306.0,L,5,0.02,Budget
Gurgaon,2021,Mg,Hector,Petrol,Manual,968000.0,1St Owner,18426.0,18426.0,L,4,0.02,Budget
Gurgaon,2020,Maruti,Baleno,Petrol,Manual,484999.0,1St Owner,9482.0,9482.0,L,5,0.02,Budget
Gurgaon,2018,Datsun,Go,Petrol,Manual,215000.0,2Nd Owner,4203.0,4203.0,L,7,0.02,Budget
Gurgaon,2022,Mahindra,Xuv700,Petrol,Auto,2050000.0,1St Owner,39020.0,39020.0,L,3,0.02,Budget
Gurgaon,2022,Maruti,New,Cng,Manual,535000.0,1St Owner,10459.0,10459.0,L,3,0.02,Budget
Gurgaon,2019,Maruti,Baleno,Petrol,Manual,349000.0,2Nd Owner,6827.0,6827.0,L,6,0.02,Budget
Gurgaon,2022,Maruti,New,Cng,Manual,532000.0,1St Owner,10403.0,10403.0,L,3,0.02,Budget
Gurgaon,2020,Tata,Altroz,Petrol,Manual,484999.0,1St Owner,9479.0,9479.0,L,5,0.02,Budget
Gurgaon,2023,Maruti,Baleno,Petrol,Manual,569000.0,1St Owner,11124.0,11124.0,L,2,0.02,Budget
Gurgaon,2024,Tata,Curvv,Petrol,Manual,1125000.0,1St Owner,21413.0,21413.0,L,1,0.02,Budget
Gurgaon,2023,Tata,Nexon,Petrol,Manual,759000.0,1St Owner,14836.0,14836.0,L,2,0.02,Budget
Gurgaon,2022,Kia,Sonet,Diesel,Manual,834000.0,1St Owner,15878.0,15878.0,L,3,0.02,Budget
Ghaziabad,2018,Datsun,Go,Petrol,Manual,215000.0,2Nd Owner,4203.0,4203.0,L,7,0.02,Budget
Ghaziabad,2024,Nissan,Magnite,Petrol,Auto,684000.0,1St Owner,13365.0,13365.0,L,1,0.02,Budget
Ghaziabad,2023,Mahindra,Xuv300,Petrol,Manual,688000.0,1St Owner,13459.0,13459.0,L,2,0.02,Budget
Ghaziabad,2017,Maruti,Dzire,Petrol,Manual,384000.0,2Nd Owner,7510.0,7510.0,L,8,0.02,Budget
Ghaziabad,2021,Maruti,Baleno,Petrol,Manual,469000.0,1St Owner,10422.0,10422.0,L,4,0.02,Budget
Ghaziabad,2017,Hyundai,Creta,Petrol,Manual,566000.0,1St Owner,11065.0,11065.0,L,8,0.02,Budget
Ghaziabad,2015,Maruti,Ciaz,Petrol,Manual,422000.0,1St Owner,9396.0,9396.0,L,10,0.02,Budget
Ghaziabad,2022,Kia,Sonet,Diesel,Manual,834000.0,1St Owner,15878.0,15878.0,L,3,0.02,Budget
Ghaziabad,2016,Ford,Ecosport,Petrol,Auto,398000.0,2Nd Owner,7789.0,7789.0,L,9,0.02,Budget
Ghaziabad,2022,Tata,Nexon,Petrol,Manual,598000.0,1St Owner,11691.0,11691.0,L,3,0.02,Budget
Ghaziabad,2020,Maruti,Vitara,Petrol,Manual,581000.0,1St Owner,11359.0,11359.0,L,5,0.02,Budget
Ghaziabad,2017,Honda,Wr-V,Petrol,Manual,438999.0,1St Owner,8578.0,8578.0,L,8,0.02,Budget
Ghaziabad,2017,Hyundai,Creta,Petrol,Manual,582000.0,1St Owner,11378.0,11378.0,L,8,0.02,Budget
Ghaziabad,2024,Tata,Altroz,Cng,Manual,697000.0,1St Owner,13626.0,13626.0,L,1,0.02,Budget
Ghaziabad,2018,Hyundai,Grand,Petrol,Manual,328000.0,1St Owner,6410.0,6410.0,L,7,0.02,Budget
Ghaziabad,2016,Ford,Ecosport,Petrol,Manual,362000.0,2Nd Owner,7077.0,7077.0,L,9,0.02,Budget
Ghaziabad,2019,Ford,Ecosport,Petrol,Manual,550000.0,1St Owner,10752.0,10752.0,L,6,0.02,Budget
Ghaziabad,2022,Maruti,Baleno,Petrol,Manual,578000.0,1St Owner,11304.0,11304.0,L,3,0.02,Budget
Ghaziabad,2013,Hyundai,I10,Petrol,Manual,195000.0,1St Owner,6473.0,6473.0,L,12,0.03,Budget
Ghaziabad,2024,Honda,Amaze,Petrol,Auto,788000.0,1St Owner,15406.0,15406.0,L,1,0.02,Budget
Ghaziabad,2020,Mg,Hector,Petrol,Manual,1051000.0,2Nd Owner,20009.0,20009.0,L,5,0.02,Budget
Ghaziabad,2022,Tata,Safari,Diesel,Manual,1563000.0,1St Owner,29755.0,29755.0,L,3,0.02,Budget
Ghaziabad,2022,Tata,Safari,Diesel,Manual,1444000.0,1St Owner,27489.0,27489.0,L,3,0.02,Budget
Ghaziabad,2022,Maruti,Alto,Petrol,Manual,350000.0,1St Owner,6843.0,6843.0,L,3,0.02,Budget
Ghaziabad,2022,Mahindra,Xuv700,Petrol,Auto,2050000.0,1St Owner,39020.0,39020.0,L,3,0.02,Budget
Ghaziabad,2021,Mg,Hector,Petrol,Manual,968000.0,1St Owner,18426.0,18426.0,L,4,0.02,Budget
Ghaziabad,2021,Maruti,Baleno,Petrol,Manual,509000.0,1St Owner,9947.0,9947.0,L,4,0.02,Budget
Ghaziabad,2019,Maruti,Baleno,Petrol,Manual,349000.0,2Nd Owner,6827.0,6827.0,L,6,0.02,Budget
Ghaziabad,2023,Volkswagen,Virtus,Petrol,Manual,1060000.0,1St Owner,20176.0,20176.0,L,2,0.02,Budget
Ghaziabad,2023,Tata,Nexon,Petrol,Manual,759000.0,1St Owner,14836.0,14836.0,L,2,0.02,Budget
Ghaziabad,2018,Honda,City,Petrol,Manual,708000.0,1St Owner,13834.0,13834.0,L,7,0.02,Budget
Ghaziabad,2024,Volkswagen,Taigun,Petrol,Manual,985000.0,1St Owner,18749.0,18749.0,L,1,0.02,Budget
Ghaziabad,2023,Mahindra,Xuv700,Petrol,Auto,1395000.0,1St Owner,26553.0,26553.0,L,2,0.02,Budget
Ghaziabad,2021,Honda,City,Petrol,Manual,701000.0,1St Owner,13705.0,13705.0,L,4,0.02,Budget
Ghaziabad,2024,Tata,Tigor,Cng,Auto,876000.0,1St Owner,16678.0,16678.0,L,1,0.02,Budget
Ghaziabad,2019,Hyundai,New,Petrol,Manual,785000.0,2Nd Owner,15347.0,15347.0,L,6,0.02,Budget
Ghaziabad,2024,Tata,Curvv,Petrol,Manual,1125000.0,1St Owner,21413.0,21413.0,L,1,0.02,Budget
Ghaziabad,2019,Honda,Amaze,Cng,Manual,520000.0,1St Owner,10167.0,10167.0,L,6,0.02,Budget
Ghaziabad,2017,Honda,City,Petrol,Manual,465000.0,2Nd Owner,9091.0,9091.0,L,8,0.02,Budget
Ghaziabad,2016,Ford,Ecosport,Petrol,Manual,398000.0,1St Owner,7789.0,7789.0,L,9,0.02,Budget
Kolkata,2013,Maruti,Alto,Petrol,Manual,127000.0,1St Owner,4218.0,4218.0,L,12,0.03,Budget
Kolkata,2021,Hyundai,Verna,Petrol,Manual,735000.0,1St Owner,14369.0,14369.0,L,4,0.02,Budget
Kolkata,2016,Maruti,Wagon,Petrol,Manual,262000.0,1St Owner,5118.0,5118.0,L,9,0.02,Budget
Kolkata,2021,Renault,Kwid,Petrol,Manual,369000.0,1St Owner,7218.0,7218.0,L,4,0.02,Budget
Kolkata,2024,Honda,Amaze,Petrol,Auto,836999.0,1St Owner,15931.0,15931.0,L,1,0.02,Budget
Kolkata,2015,Hyundai,Grand,Petrol,Manual,252999.0,1St Owner,5628.0,5628.0,L,10,0.02,Budget
Kolkata,2020,Maruti,S,Petrol,Manual,291000.0,1St Owner,5689.0,5689.0,L,5,0.02,Budget
Kolkata,2015,Honda,City,Petrol,Manual,316000.0,1St Owner,7034.0,7034.0,L,10,0.02,Budget
Kolkata,2021,Hyundai,Verna,Petrol,Auto,1106000.0,1St Owner,21044.0,21044.0,L,4,0.02,Budget
Kolkata,2021,Hyundai,New,Petrol,Manual,355000.0,1St Owner,6940.0,6940.0,L,4,0.02,Budget
Kolkata,2015,Maruti,Swift,Petrol,Manual,294000.0,1St Owner,6540.0,6540.0,L,10,0.02,Budget
Kolkata,2016,Maruti,Ciaz,Petrol,Manual,353000.0,1St Owner,6901.0,6901.0,L,9,0.02,Budget
Kolkata,2014,Maruti,Ritz,Petrol,Manual,180000.0,1St Owner,4740.0,4740.0,L,11,0.03,Budget
Kolkata,2013,Hyundai,I20,Petrol,Manual,204999.0,1St Owner,6809.0,6809.0,L,12,0.03,Budget
Kolkata,2017,Volkswagen,Ameo,Petrol,Manual,303000.0,2Nd Owner,5928.0,5928.0,L,8,0.02,Budget
Kolkata,2017,Maruti,Swift,Petrol,Manual,351000.0,1St Owner,6862.0,6862.0,L,8,0.02,Budget
Kolkata,2022,Mahindra,Thar,Diesel,Manual,1019999.0,1St Owner,19415.0,19415.0,L,3,0.02,Budget
Kolkata,2023,Tata,Nexon,Petrol,Manual,894999.0,1St Owner,17036.0,17036.0,L,2,0.02,Budget
Kolkata,2016,Datsun,Go,Petrol,Manual,204000.0,2Nd Owner,3997.0,3997.0,L,9,0.02,Budget
Kolkata,2014,Toyota,Etios,Petrol,Manual,214000.0,2Nd Owner,5639.0,5639.0,L,11,0.03,Budget
Coimbatore,2020,Tata,Tiago,Petrol,Manual,356000.0,1St Owner,6960.0,6960.0,L,5,0.02,Budget
Coimbatore,2015,Honda,City,Petrol,Auto,581000.0,2Nd Owner,12917.0,12917.0,L,10,0.02,Budget
Coimbatore,2019,Ford,Ecosport,Diesel,Manual,689000.0,2Nd Owner,15319.0,15319.0,L,6,0.02,Budget
Coimbatore,2017,Skoda,Rapid,Diesel,Auto,628000.0,2Nd Owner,12278.0,12278.0,L,8,0.02,Budget
Coimbatore,2018,Honda,Jazz,Petrol,Manual,572000.0,1St Owner,11184.0,11184.0,L,7,0.02,Budget
Coimbatore,2022,Maruti,New,Petrol,Manual,478000.0,1St Owner,9345.0,9345.0,L,3,0.02,Budget
Coimbatore,2023,Nissan,Magnite,Petrol,Auto,673000.0,1St Owner,13157.0,13157.0,L,2,0.02,Budget
Coimbatore,2022,Toyota,Urban,Petrol,Auto,762000.0,1St Owner,14897.0,14897.0,L,3,0.02,Budget
Coimbatore,2017,Honda,City,Petrol,Manual,609000.0,1St Owner,11906.0,11906.0,L,8,0.02,Budget
Coimbatore,2018,Maruti,Dzire,Petrol,Manual,672000.0,1St Owner,13131.0,13131.0,L,7,0.02,Budget
Coimbatore,2015,Nissan,Micra,Petrol,Manual,275000.0,1St Owner,6117.0,6117.0,L,10,0.02,Budget
Coimbatore,2022,Maruti,New,Petrol,Manual,476999.0,1St Owner,9325.0,9325.0,L,3,0.02,Budget
Coimbatore,2020,Renault,Kwid,Petrol,Manual,348000.0,1St Owner,6803.0,6803.0,L,5,0.02,Budget
Coimbatore,2020,Honda,Amaze,Petrol,Auto,581000.0,1St Owner,11359.0,11359.0,L,5,0.02,Budget
Coimbatore,2018,Tata,Tiago,Petrol,Manual,408000.0,1St Owner,7976.0,7976.0,L,7,0.02,Budget
Coimbatore,2018,Maruti,Alto,Petrol,Manual,320000.0,1St Owner,7118.0,7118.0,L,7,0.02,Budget
Coimbatore,2018,Honda,Amaze,Diesel,Manual,620000.0,1St Owner,12121.0,12121.0,L,7,0.02,Budget
Coimbatore,2022,Renault,Triber,Petrol,Manual,537000.0,1St Owner,10498.0,10498.0,L,3,0.02,Budget
Coimbatore,2017,Honda,City,Petrol,Manual,548000.0,1St Owner,10714.0,10714.0,L,8,0.02,Budget
Coimbatore,2022,Honda,Amaze,Petrol,Manual,642000.0,2Nd Owner,12551.0,12551.0,L,3,0.02,Budget
Patna,2018,Renault,Kwid,Petrol,Manual,292000.0,2Nd Owner,5703.0,5703.0,L,7,0.02,Budget
Patna,2021,Renault,Triber,Petrol,Manual,559000.0,1St Owner,10928.0,10928.0,L,4,0.02,Budget
Patna,2016,Maruti,Vitara,Diesel,Manual,459000.0,1St Owner,10210.0,10210.0,L,9,0.02,Budget
Patna,2020,Kia,Sonet,Diesel,Auto,1035000.0,1St Owner,19698.0,19698.0,L,5,0.02,Budget
Patna,2020,Kia,Sonet,Petrol,Manual,714000.0,2Nd Owner,13967.0,13967.0,L,5,0.02,Budget
Patna,2020,Datsun,Redi,Petrol,Manual,290000.0,1St Owner,5670.0,5670.0,L,5,0.02,Budget
Patna,2018,Honda,Amaze,Diesel,Auto,484999.0,2Nd Owner,9482.0,9482.0,L,7,0.02,Budget
Patna,2020,Honda,Civic,Petrol,Auto,1390000.0,1St Owner,26451.0,26451.0,L,5,0.02,Budget
Patna,2015,Hyundai,Creta,Diesel,Manual,557000.0,1St Owner,14668.0,14668.0,L,10,0.03,Budget
Patna,2015,Maruti,Swift,Petrol,Manual,337000.0,1St Owner,7500.0,7500.0,L,10,0.02,Budget
Patna,2023,Maruti,Alto,Petrol,Manual,350000.0,1St Owner,6843.0,6843.0,L,2,0.02,Budget
Patna,2022,Renault,Kwid,Petrol,Manual,399000.0,1St Owner,7801.0,7801.0,L,3,0.02,Budget
Patna,2022,Mahindra,Xuv300,Petrol,Manual,796000.0,1St Owner,15562.0,15562.0,L,3,0.02,Budget
Patna,2023,Maruti,New,Petrol,Manual,479000.0,1St Owner,9365.0,9365.0,L,2,0.02,Budget
Patna,2021,Hyundai,Creta,Petrol,Manual,930000.0,1St Owner,17702.0,17702.0,L,4,0.02,Budget
Patna,2019,Hyundai,Elite,Petrol,Manual,521000.0,1St Owner,10182.0,10182.0,L,6,0.02,Budget
Patna,2023,Maruti,Alto,Petrol,Manual,436000.0,1St Owner,8524.0,8524.0,L,2,0.02,Budget
Patna,2021,Mahindra,Thar,Petrol,Manual,1059000.0,1St Owner,20159.0,20159.0,L,4,0.02,Budget
Patna,2021,Kia,Sonet,Petrol,Auto,755000.0,1St Owner,14760.0,14760.0,L,4,0.02,Budget
Patna,2016,Hyundai,Creta,Petrol,Manual,605000.0,1St Owner,11828.0,11828.0,L,9,0.02,Budget
Surat,2015,Maruti,Wagon,Petrol,Manual,308000.0,1St Owner,6854.0,6854.0,L,10,0.02,Budget
Surat,2023,Nissan,Magnite,Petrol,Manual,529000.0,1St Owner,10341.0,10341.0,L,2,0.02,Budget
Surat,2017,Hyundai,Grand,Petrol,Manual,408000.0,1St Owner,7980.0,7980.0,L,8,0.02,Budget
Surat,2023,Tata,Nexon,Petrol,Auto,990000.0,2Nd Owner,18847.0,18847.0,L,2,0.02,Budget
Surat,2018,Maruti,Ertiga,Diesel,Manual,690000.0,1St Owner,13485.0,13485.0,L,7,0.02,Budget
Surat,2022,Maruti,Ignis,Petrol,Manual,451000.0,1St Owner,8808.0,8808.0,L,3,0.02,Budget
Surat,2018,Ford,Figo,Cng,Manual,328000.0,2Nd Owner,6408.0,6408.0,L,7,0.02,Budget
Surat,2019,Honda,Wr-V,Petrol,Manual,545000.0,1St Owner,10655.0,10655.0,L,6,0.02,Budget
Surat,2022,Skoda,Kushaq,Petrol,Auto,1242000.0,1St Owner,23640.0,23640.0,L,3,0.02,Budget
Surat,2017,Hyundai,Creta,Petrol,Manual,635000.0,1St Owner,12414.0,12414.0,L,8,0.02,Budget
Surat,2017,Volkswagen,Ameo,Petrol,Manual,339000.0,1St Owner,6636.0,6636.0,L,8,0.02,Budget
Surat,2020,Mahindra,Xuv300,Petrol,Manual,713000.0,1St Owner,13937.0,13937.0,L,5,0.02,Budget
Surat,2023,Nissan,Magnite,Petrol,Manual,525000.0,1St Owner,10264.0,10264.0,L,2,0.02,Budget
Surat,2020,Renault,Triber,Petrol,Manual,413999.0,1St Owner,8094.0,8094.0,L,5,0.02,Budget
Surat,2018,Renault,Kwid,Petrol,Manual,244000.0,1St Owner,4770.0,4770.0,L,7,0.02,Budget
Surat,2023,Maruti,Jimny,Petrol,Manual,952999.0,1St Owner,18145.0,18145.0,L,2,0.02,Budget
Surat,2019,Hyundai,Grand,Cng,Manual,408000.0,2Nd Owner,7976.0,7976.0,L,6,0.02,Budget
Surat,2021,Maruti,Vitara,Petrol,Manual,615000.0,2Nd Owner,12023.0,12023.0,L,4,0.02,Budget
Surat,2019,Kia,Seltos,Petrol,Auto,999000.0,2Nd Owner,19022.0,19022.0,L,6,0.02,Budget
Surat,2022,Tata,Tiago,Cng,Manual,509999.0,1St Owner,9971.0,9971.0,L,3,0.02,Budget
Vadodara,2019,Ford,Ecosport,Petrol,Manual,663000.0,2Nd Owner,12957.0,12957.0,L,6,0.02,Budget
Vadodara,2014,Maruti,Celerio,Petrol,Manual,246000.0,1St Owner,6488.0,6488.0,L,11,0.03,Budget
Vadodara,2019,Tata,Tiago,Petrol,Manual,386000.0,1St Owner,7548.0,7548.0,L,6,0.02,Budget
Vadodara,2019,Honda,Amaze,Petrol,Manual,457000.0,1St Owner,8937.0,8937.0,L,6,0.02,Budget
Vadodara,2020,Maruti,Dzire,Petrol,Manual,551000.0,1St Owner,10772.0,10772.0,L,5,0.02,Budget
Vadodara,2023,Hyundai,Grand,Petrol,Manual,605000.0,1St Owner,11828.0,11828.0,L,2,0.02,Budget
Vadodara,2018,Jeep,Compass,Petrol,Manual,697000.0,1St Owner,13630.0,13630.0,L,7,0.02,Budget
Vadodara,2021,Hyundai,Creta,Petrol,Auto,1170000.0,2Nd Owner,22270.0,22270.0,L,4,0.02,Budget
Vadodara,2016,Maruti,Swift,Petrol,Manual,351000.0,1St Owner,6862.0,6862.0,L,9,0.02,Budget
Vadodara,2021,Tata,Nexon,Petrol,Manual,657000.0,1St Owner,12844.0,12844.0,L,4,0.02,Budget
Vadodara,2022,Maruti,Alto,Petrol,Manual,354000.0,1St Owner,6915.0,6915.0,L,3,0.02,Budget
Vadodara,2020,Kia,Sonet,Petrol,Auto,710000.0,1St Owner,13881.0,13881.0,L,5,0.02,Budget
Vadodara,2017,Hyundai,Grand,Petrol,Manual,335000.0,2Nd Owner,6549.0,6549.0,L,8,0.02,Budget
Vadodara,2021,Skoda,Kushaq,Petrol,Manual,747000.0,2Nd Owner,14604.0,14604.0,L,4,0.02,Budget
Vadodara,2022,Hyundai,Venue,Petrol,Manual,797000.0,1St Owner,15585.0,15585.0,L,3,0.02,Budget
Vadodara,2019,Honda,City,Petrol,Manual,589000.0,1St Owner,11521.0,11521.0,L,6,0.02,Budget
Vadodara,2021,Maruti,Vitara,Petrol,Manual,767000.0,1St Owner,14995.0,14995.0,L,4,0.02,Budget
Vadodara,2020,Volkswagen,Polo,Petrol,Manual,480000.0,1St Owner,9384.0,9384.0,L,5,0.02,Budget
Vadodara,2016,Ford,Ecosport,Petrol,Auto,446000.0,1St Owner,8719.0,8719.0,L,9,0.02,Budget
Vadodara,2022,Tata,Tiago,Petrol,Manual,495000.0,1St Owner,9677.0,9677.0,L,3,0.02,Budget
Agra,2012,Maruti,Swift,Diesel,Manual,248000.0,2Nd Owner,21993.0,21993.0,L,13,0.09,Budget
Agra,2018,Maruti,Wagon,Petrol,Manual,325000.0,1St Owner,6354.0,6354.0,L,7,0.02,Budget
Agra,2021,Maruti,Swift,Petrol,Manual,540000.0,1St Owner,10560.0,10560.0,L,4,0.02,Budget
Agra,2019,Renault,Kwid,Petrol,Manual,240000.0,1St Owner,4692.0,4692.0,L,6,0.02,Budget
Agra,2017,Maruti,Vitara,Diesel,Manual,505000.0,1St Owner,9873.0,9873.0,L,8,0.02,Budget
Agra,2023,Maruti,Jimny,Petrol,Auto,1070000.0,1St Owner,20366.0,20366.0,L,2,0.02,Budget
Agra,2022,Tata,Altroz,Diesel,Manual,678000.0,1St Owner,13255.0,13255.0,L,3,0.02,Budget
Agra,2021,Renault,Kwid,Petrol,Manual,340000.0,1St Owner,6647.0,6647.0,L,4,0.02,Budget
Agra,2024,Honda,Elevate,Petrol,Manual,1338000.0,1St Owner,25473.0,25473.0,L,1,0.02,Budget
Agra,2022,Tata,Tigor,Cng,Manual,594000.0,1St Owner,11622.0,11622.0,L,3,0.02,Budget
Agra,2021,Tata,Altroz,Petrol,Manual,590000.0,1St Owner,11535.0,11535.0,L,4,0.02,Budget
Agra,2022,Hyundai,Aura,Cng,Manual,611000.0,1St Owner,11937.0,11937.0,L,3,0.02,Budget
Agra,2019,Renault,Kwid,Petrol,Manual,235000.0,2Nd Owner,4594.0,4594.0,L,6,0.02,Budget
Agra,2021,Maruti,Baleno,Petrol,Manual,570000.0,1St Owner,11144.0,11144.0,L,4,0.02,Budget
Agra,2012,Honda,Brio,Petrol,Manual,179000.0,1St Owner,8426.0,8426.0,L,13,0.05,Budget
Agra,2019,Maruti,S,Petrol,Manual,328000.0,1St Owner,6417.0,6417.0,L,6,0.02,Budget
Agra,2014,Maruti,Wagon,Petrol,Manual,239000.0,1St Owner,6294.0,6294.0,L,11,0.03,Budget
Agra,2016,Hyundai,Creta,Diesel,Manual,538000.0,2Nd Owner,11968.0,11968.0,L,9,0.02,Budget
Agra,2023,Volkswagen,Virtus,Petrol,Auto,1375000.0,1St Owner,26172.0,26172.0,L,2,0.02,Budget
Agra,2021,Renault,Kiger,Petrol,Manual,585000.0,2Nd Owner,11437.0,11437.0,L,4,0.02,Budget
Ahmedabad,2022,Honda,City,Petrol,Manual,737000.0,1St Owner,14408.0,14408.0,L,3,0.02,Budget
Ahmedabad,2016,Maruti,Baleno,Petrol,Manual,430999.0,1St Owner,8417.0,8417.0,L,9,0.02,Budget
Ahmedabad,2020,Honda,Amaze,Cng,Manual,548000.0,1St Owner,10722.0,10722.0,L,5,0.02,Budget
Ahmedabad,2017,Hyundai,Elite,Cng,Manual,534000.0,1St Owner,11883.0,11883.0,L,8,0.02,Budget
Ahmedabad,2015,Hyundai,Xcent,Petrol,Manual,352000.0,1St Owner,7839.0,7839.0,L,10,0.02,Budget
Ahmedabad,2021,Renault,Triber,Petrol,Auto,595000.0,1St Owner,11623.0,11623.0,L,4,0.02,Budget
Ahmedabad,2023,Maruti,Fronx,Cng,Manual,825000.0,1St Owner,15703.0,15703.0,L,2,0.02,Budget
Ahmedabad,2024,Hyundai,Grand,Petrol,Manual,693000.0,1St Owner,13550.0,13550.0,L,1,0.02,Budget
Ahmedabad,2015,Hyundai,Creta,Petrol,Manual,686000.0,1St Owner,15258.0,15258.0,L,10,0.02,Budget
Ahmedabad,2022,Hyundai,Creta,Petrol,Manual,875000.0,1St Owner,16655.0,16655.0,L,3,0.02,Budget
Ahmedabad,2023,Maruti,Alto,Petrol,Manual,438999.0,2Nd Owner,8579.0,8579.0,L,2,0.02,Budget
Ahmedabad,2018,Renault,Kwid,Petrol,Manual,218000.0,1St Owner,4845.0,4845.0,L,7,0.02,Budget
Ahmedabad,2019,Hyundai,Grand,Cng,Manual,438999.0,2Nd Owner,8589.0,8589.0,L,6,0.02,Budget
Ahmedabad,2019,Maruti,Alto,Cng,Manual,340000.0,1St Owner,6651.0,6651.0,L,6,0.02,Budget
Ahmedabad,2017,Hyundai,Eon,Cng,Manual,195000.0,3Rd Owner,4338.0,4338.0,L,8,0.02,Budget
Ahmedabad,2023,Skoda,Slavia,Petrol,Manual,918000.0,1St Owner,17470.0,17470.0,L,2,0.02,Budget
Ahmedabad,2024,Tata,Altroz,Petrol,Manual,1054000.0,1St Owner,20059.0,20059.0,L,1,0.02,Budget
Ahmedabad,2022,Maruti,Vitara,Petrol,Manual,847000.0,1St Owner,16121.0,16121.0,L,3,0.02,Budget
Ahmedabad,2021,Maruti,Ertiga,Cng,Manual,880000.0,1St Owner,16750.0,16750.0,L,4,0.02,Budget
Ahmedabad,2022,Skoda,Kushaq,Petrol,Manual,940000.0,1St Owner,17886.0,17886.0,L,3,0.02,Budget
Jaipur,2016,Maruti,Wagon,Petrol,Manual,316000.0,2Nd Owner,6169.0,6169.0,L,9,0.02,Budget
Jaipur,2017,Renault,Kwid,Petrol,Manual,219000.0,1St Owner,4284.0,4284.0,L,8,0.02,Budget
Jaipur,2021,Nissan,Magnite,Petrol,Manual,440000.0,2Nd Owner,8603.0,8603.0,L,4,0.02,Budget
Jaipur,2021,Nissan,Magnite,Petrol,Manual,538000.0,1St Owner,10516.0,10516.0,L,4,0.02,Budget
Jaipur,2022,Mahindra,Bolero,Diesel,Manual,900000.0,1St Owner,17131.0,17131.0,L,3,0.02,Budget
Jaipur,2021,Tata,Nexon,Petrol,Manual,863000.0,1St Owner,16419.0,16419.0,L,4,0.02,Budget
Jaipur,2019,Ford,Ecosport,Diesel,Manual,660000.0,1St Owner,12903.0,12903.0,L,6,0.02,Budget
Jaipur,2023,Maruti,Swift,Petrol,Manual,697000.0,1St Owner,13628.0,13628.0,L,2,0.02,Budget
Jaipur,2022,Nissan,Magnite,Petrol,Manual,552000.0,1St Owner,10792.0,10792.0,L,3,0.02,Budget
Jaipur,2017,Maruti,Vitara,Diesel,Manual,599000.0,1St Owner,11711.0,11711.0,L,8,0.02,Budget
Jaipur,2020,Honda,Amaze,Petrol,Manual,501999.0,1St Owner,9814.0,9814.0,L,5,0.02,Budget
Jaipur,2021,Maruti,Vitara,Petrol,Manual,677000.0,2Nd Owner,13235.0,13235.0,L,4,0.02,Budget
Jaipur,2018,Maruti,Baleno,Diesel,Manual,470000.0,2Nd Owner,9189.0,9189.0,L,7,0.02,Budget
Jaipur,2020,Maruti,Celerio,Petrol,Manual,397000.0,1St Owner,7761.0,7761.0,L,5,0.02,Budget
Jaipur,2020,Hyundai,Grand,Petrol,Manual,480999.0,1St Owner,9404.0,9404.0,L,5,0.02,Budget
Jaipur,2019,Hyundai,Creta,Diesel,Manual,990000.0,1St Owner,18844.0,18844.0,L,6,0.02,Budget
Jaipur,2023,Tata,Punch,Petrol,Auto,630000.0,1St Owner,12313.0,12313.0,L,2,0.02,Budget
Jaipur,2021,Tata,Nexon,Petrol,Manual,577000.0,1St Owner,11280.0,11280.0,L,4,0.02,Budget
Jaipur,2015,Maruti,Wagon,Petrol,Manual,271000.0,1St Owner,6028.0,6028.0,L,10,0.02,Budget
Jaipur,2024,Maruti,Alto,Cng,Manual,552000.0,1St Owner,10792.0,10792.0,L,1,0.02,Budget
Amritsar,2022,Mahindra,Thar,Diesel,Auto,1600000.0,1St Owner,30455.0,30455.0,L,3,0.02,Budget
Amritsar,2015,Hyundai,Grand,Diesel,Manual,184000.0,1St Owner,4845.0,4845.0,L,10,0.03,Budget
Amritsar,2012,Hyundai,I10,Petrol,Manual,229999.0,1St Owner,10827.0,10827.0,L,13,0.05,Budget
Amritsar,2009,Hyundai,I10,Petrol,Manual,245000.0,2Nd Owner,10889.0,245000.00000000003,L,16,1.0,Budget
Amritsar,2017,Toyota,Innova,Diesel,Manual,1224000.0,2Nd Owner,26613.0,26613.0,L,8,0.02,Budget
Amritsar,2022,Tata,Safari,Diesel,Auto,1400000.0,1St Owner,26648.0,26648.0,L,3,0.02,Budget
Amritsar,2014,Maruti,Swift,Diesel,Manual,430999.0,2Nd Owner,14302.0,14302.0,L,11,0.03,Budget
Amritsar,2015,Honda,Jazz,Petrol,Auto,225000.0,2Nd Owner,5005.0,5005.0,L,10,0.02,Budget
Amritsar,2010,Maruti,Alto,Petrol,Manual,50000.0,3Rd Owner,10889.0,60000.0,K,15,1.2,Budget
Amritsar,2018,Honda,Amaze,Petrol,Manual,550000.0,1St Owner,10753.0,10753.0,L,7,0.02,Budget
Amritsar,2013,Renault,Duster,Diesel,Manual,214000.0,3Rd Owner,10074.0,10074.0,L,12,0.05,Budget
Amritsar,2017,Hyundai,Elite,Petrol,Manual,525000.0,2Nd Owner,10264.0,10264.0,L,8,0.02,Budget
Amritsar,2016,Maruti,Wagon,Petrol,Manual,290000.0,2Nd Owner,5670.0,5670.0,L,9,0.02,Budget
Amritsar,2013,Toyota,Etios,Diesel,Manual,325000.0,2Nd Owner,15299.0,15299.0,L,12,0.05,Budget
Amritsar,2019,Renault,Kwid,Petrol,Manual,300000.0,2Nd Owner,5865.0,5865.0,L,6,0.02,Budget
Amritsar,2018,Maruti,Swift,Diesel,Manual,625000.0,1St Owner,12219.0,12219.0,L,7,0.02,Budget
Amritsar,2011,Skoda,Laura,Diesel,Auto,225000.0,1St Owner,10889.0,225000.0,L,14,1.0,Budget
Amritsar,2015,Hyundai,Elite,Petrol,Manual,480000.0,1St Owner,10677.0,10677.0,L,10,0.02,Budget
Amritsar,2013,Honda,Brio,Petrol,Manual,260000.0,2Nd Owner,8636.0,8636.0,L,12,0.03,Budget
Amritsar,2011,Toyota,Corolla,Diesel,Manual,315000.0,1St Owner,10889.0,315000.0,L,14,1.0,Mid-Range
Trivandrum,2011,Maruti,Ritz,Petrol,Manual,229999.0,2Nd Owner,20435.0,20435.0,L,14,0.09,Budget
Trivandrum,2012,Hyundai,Eon,Petrol,Manual,133000.0,3Rd Owner,6261.0,6261.0,L,13,0.05,Budget
Trivandrum,2010,Tata,Manza,Petrol,Manual,80000.0,1St Owner,10889.0,91000.0,K,15,1.14,Budget
Trivandrum,2010,Tata,Safari,Diesel,Manual,110000.0,2Nd Owner,10889.0,130000.0,L,15,1.18,Budget
Trivandrum,2012,Mahindra,Bolero,Diesel,Manual,335000.0,1St Owner,29764.0,29764.0,L,13,0.09,Budget
Trivandrum,2010,Maruti,Alto,Petrol,Manual,145000.0,3Rd Owner,10889.0,145000.0,L,15,1.0,Budget
Trivandrum,2017,Honda,Jazz,Petrol,Manual,475000.0,1St Owner,9286.0,9286.0,L,8,0.02,Budget
Trivandrum,2020,Tata,Altroz,Petrol,Manual,600000.0,2Nd Owner,11730.0,11730.0,L,5,0.02,Budget
Trivandrum,2023,Kia,Carens,Diesel,Manual,1863000.0,1St Owner,35460.0,35460.0,L,2,0.02,Budget
Trivandrum,2016,Ford,New,Petrol,Manual,363000.0,1St Owner,8075.0,8075.0,L,9,0.02,Budget
Trivandrum,2019,Hyundai,Elite,Petrol,Manual,550000.0,1St Owner,10753.0,10753.0,L,6,0.02,Budget
Trivandrum,2020,Tata,Altroz,Petrol,Manual,637000.0,2Nd Owner,12453.0,12453.0,L,5,0.02,Budget
Trivandrum,2011,Maruti,Eeco,Petrol,Manual,120000.0,1St Owner,10662.0,10662.0,L,14,0.09,Budget
Trivandrum,2014,Skoda,Rapid,Diesel,Manual,298000.0,2Nd Owner,9898.0,9898.0,L,11,0.03,Budget
Trivandrum,2020,Tata,Tigor,Petrol,Auto,520000.0,1St Owner,10166.0,10166.0,L,5,0.02,Budget
Trivandrum,2017,Maruti,Ciaz,Diesel,Manual,757000.0,1St Owner,14799.0,14799.0,L,8,0.02,Budget
Trivandrum,2018,Maruti,Alto,Petrol,Auto,360000.0,2Nd Owner,7038.0,7038.0,L,7,0.02,Budget
Trivandrum,2011,Chevrolet,Beat,Diesel,Manual,118000.0,1St Owner,10889.0,118000.0,L,14,1.0,Budget
Trivandrum,2023,Maruti,Xl6,Petrol,Auto,1400000.0,1St Owner,26648.0,26648.0,L,2,0.02,Budget
Trivandrum,2010,Chevrolet,Spark,Petrol,Manual,70000.0,5Th Owner,10889.0,70000.0,K,15,1.0,Budget
Bhubaneswar,2008,Hyundai,I10,Petrol,Manual,185000.0,1St Owner,10889.0,185000.0,L,17,1.0,Budget
Bhubaneswar,2014,Mahindra,Scorpio,Diesel,Manual,400000.0,3Rd Owner,13286.0,13286.0,L,11,0.03,Budget
Bhubaneswar,2011,Ford,Figo,Diesel,Manual,235000.0,1St Owner,10889.0,235000.0,L,14,1.0,Budget
Bhubaneswar,2017,Maruti,Wagon,Petrol,Manual,407000.0,2Nd Owner,7957.0,7957.0,L,8,0.02,Budget
Bhubaneswar,2015,Volkswagen,Polo,Diesel,Manual,170000.0,4Th Owner,4477.0,4477.0,L,10,0.03,Budget
Bhubaneswar,2014,Nissan,Terrano,Diesel,Manual,252000.0,1St Owner,8370.0,8370.0,L,11,0.03,Budget
Bhubaneswar,2009,Maruti,Alto,Petrol,Manual,100000.0,3Rd Owner,10889.0,100000.0,L,16,1.0,Budget
Bhubaneswar,2020,Honda,Amaze,Petrol,Manual,580000.0,2Nd Owner,11339.0,11339.0,L,5,0.02,Budget
Bhubaneswar,2019,Mg,Hector,Petrol,Auto,900000.0,1St Owner,19568.0,19568.0,L,6,0.02,Budget
Bhubaneswar,2015,Ford,Figo,Petrol,Auto,282000.0,1St Owner,6273.0,6273.0,L,10,0.02,Budget
Bhubaneswar,2016,Maruti,Vitara,Diesel,Manual,660000.0,1St Owner,14681.0,14681.0,L,9,0.02,Budget
Bhubaneswar,2019,Hyundai,New,Petrol,Auto,500000.0,1St Owner,9775.0,9775.0,L,6,0.02,Budget
Bhubaneswar,2017,Maruti,Vitara,Diesel,Manual,750000.0,1St Owner,14663.0,14663.0,L,8,0.02,Budget
Bhubaneswar,2020,Kia,Seltos,Petrol,Manual,850000.0,1St Owner,18481.0,18481.0,L,5,0.02,Budget
Bhubaneswar,2019,Honda,City,Diesel,Manual,670000.0,1St Owner,13099.0,13099.0,L,6,0.02,Budget
Bhubaneswar,2017,Mahindra,Tuv300,Diesel,Manual,550000.0,1St Owner,10753.0,10753.0,L,8,0.02,Budget
Bhubaneswar,2012,Honda,Brio,Petrol,Manual,175000.0,3Rd Owner,8238.0,8238.0,L,13,0.05,Budget
Bhubaneswar,2017,Ford,Ecosport,Diesel,Manual,390000.0,2Nd Owner,8675.0,8675.0,L,8,0.02,Budget
Bhubaneswar,2018,Honda,Amaze,Diesel,Manual,475000.0,2Nd Owner,9286.0,9286.0,L,7,0.02,Budget
Bhubaneswar,2018,Maruti,Swift,Petrol,Auto,625000.0,1St Owner,12219.0,12219.0,L,7,0.02,Budget
Dehradun,2019,Hyundai,Elite,Cng,Manual,525000.0,1St Owner,11678.0,11678.0,L,6,0.02,Budget
Dehradun,2021,Hyundai,Venue,Petrol,Manual,750000.0,1St Owner,14663.0,14663.0,L,4,0.02,Budget
Dehradun,2023,Mahindra,Xuv300,Diesel,Manual,1090000.0,1St Owner,20747.0,20747.0,L,2,0.02,Budget
Dehradun,2018,Maruti,Alto,Petrol,Auto,375000.0,1St Owner,7331.0,7331.0,L,7,0.02,Budget
Dehradun,2017,Tata,Nexon,Diesel,Manual,540000.0,1St Owner,12012.0,12012.0,L,8,0.02,Budget
Dehradun,2021,Hyundai,Creta,Petrol,Manual,950000.0,1St Owner,18082.0,18082.0,L,4,0.02,Budget
Dehradun,2022,Maruti,Xl6,Petrol,Manual,994999.0,1St Owner,18939.0,18939.0,L,3,0.02,Budget
Dehradun,2020,Tata,Tiago,Petrol,Manual,525000.0,1St Owner,10264.0,10264.0,L,5,0.02,Budget
Dehradun,2020,Renault,Kwid,Petrol,Manual,420000.0,1St Owner,8211.0,8211.0,L,5,0.02,Budget
Dehradun,2016,Hyundai,Elite,Petrol,Manual,450000.0,2Nd Owner,8798.0,8798.0,L,9,0.02,Budget
Dehradun,2023,Maruti,Alto,Petrol,Manual,457000.0,1St Owner,8934.0,8934.0,L,2,0.02,Budget
Dehradun,2022,Mahindra,Thar,Diesel,Manual,1500000.0,1St Owner,28551.0,28551.0,L,3,0.02,Budget
Dehradun,2016,Nissan,Micra,Petrol,Manual,172000.0,4Th Owner,3819.0,3819.0,L,9,0.02,Budget
Dehradun,2018,Maruti,Ciaz,Petrol,Manual,620000.0,1St Owner,12121.0,12121.0,L,7,0.02,Budget
Dehradun,2013,Renault,Duster,Diesel,Manual,252999.0,3Rd Owner,11910.0,11910.0,L,12,0.05,Budget
Dehradun,2015,Maruti,Alto,Petrol,Manual,144000.0,3Rd Owner,3203.0,3203.0,L,10,0.02,Budget
Dehradun,2016,Maruti,Swift,Diesel,Manual,270000.0,3Rd Owner,6006.0,6006.0,L,9,0.02,Budget
Dehradun,2021,Tata,Harrier,Diesel,Manual,1521000.0,1St Owner,28942.0,28942.0,L,4,0.02,Budget
Dehradun,2021,Hyundai,Creta,Petrol,Auto,1250000.0,1St Owner,23793.0,23793.0,L,4,0.02,Budget
Dehradun,2013,Hyundai,I20,Diesel,Manual,246000.0,3Rd Owner,11580.0,11580.0,L,12,0.05,Budget
Bhopal,2017,Renault,Kwid,Petrol,Manual,227999.0,2Nd Owner,4457.0,4457.0,L,8,0.02,Budget
Bhopal,2014,Maruti,Alto,Petrol,Manual,340000.0,1St Owner,8954.0,8954.0,L,11,0.03,Budget
Bhopal,2011,Hyundai,I20,Petrol,Manual,140000.0,2Nd Owner,12439.0,12439.0,L,14,0.09,Budget
Bhopal,2023,Kia,Carens,Petrol,Manual,1036000.0,1St Owner,19719.0,19719.0,L,2,0.02,Budget
Bhopal,2023,Hyundai,Grand,Petrol,Auto,650000.0,1St Owner,12708.0,12708.0,L,2,0.02,Budget
Bhopal,2016,Tata,Zest,Diesel,Manual,169000.0,2Nd Owner,3751.0,3751.0,L,9,0.02,Budget
Bhopal,2022,Maruti,Alto,Petrol,Manual,377000.0,1St Owner,7370.0,7370.0,L,3,0.02,Budget
Bhopal,2023,Tata,Tiago,Petrol,Manual,500000.0,1St Owner,9775.0,9775.0,L,2,0.02,Budget
Bhopal,2012,Hyundai,I20,Petrol,Manual,225999.0,1St Owner,10639.0,10639.0,L,13,0.05,Budget
Bhopal,2020,Ford,Ecosport,Petrol,Manual,700000.0,1St Owner,13685.0,13685.0,L,5,0.02,Budget
Bhopal,2013,Ford,Figo,Diesel,Manual,225000.0,2Nd Owner,10596.0,10596.0,L,12,0.05,Budget
Bhopal,2024,Maruti,Fronx,Petrol,Manual,686000.0,1St Owner,13411.0,13411.0,L,1,0.02,Budget
Bhopal,2014,Maruti,Wagon,Petrol,Manual,331000.0,1St Owner,8712.0,8712.0,L,11,0.03,Budget
Bhopal,2017,Maruti,Alto,Petrol,Auto,250000.0,1St Owner,4888.0,4888.0,L,8,0.02,Budget
Bhopal,2017,Maruti,Wagon,Petrol,Manual,235000.0,1St Owner,4594.0,4594.0,L,8,0.02,Budget
Bhopal,2018,Jeep,Compass,Petrol,Auto,750000.0,1St Owner,14663.0,14663.0,L,7,0.02,Budget
Bhopal,2015,Tata,Nano,Petrol,Auto,218000.0,2Nd Owner,4849.0,4849.0,L,10,0.02,Budget
Bhopal,2015,Tata,Indigo,Diesel,Manual,164000.0,1St Owner,4319.0,4319.0,L,10,0.03,Budget
Bhopal,2019,Maruti,Swift,Petrol,Manual,476999.0,1St Owner,9325.0,9325.0,L,6,0.02,Budget
Bhopal,2012,Ford,Figo,Diesel,Manual,105000.0,1St Owner,9329.0,9329.0,L,13,0.09,Budget
